Workbook

Sheet How To Use
A1: HOW TO USE - SPC CALCULATOR v13
A2: Read this once. The charts need no macros; only folder monitoring does.
A4: QUICK START - NO MACROS NEEDED
A5: 1 | B5: Set up your features | C5: Settings sheet. For each feature type the name, Nominal, LSL, USL and unit, and set Active = Y. Yellow cells are the ones you edit.
A6: 2 | B6: Enter measurements | C6: Data Entry sheet. Column H is feature 1, I is feature 2, and so on. Date / Shift / Operator / Tool ID in columns C-F are optional but they are what the Visual SPC filters use.
A7: 3 | B7: Look at the charts | C7: Control Charts updates by itself - there is nothing to run. Each feature shows a statistics panel on the left, then the X chart, the moving-range chart and a histogram.
A8: 4 | B8: Check capability | C8: Capability sheet gives Cp, Cpk, Pp, Ppk with traffic lights, plus an in-control and an in-spec verdict per feature.
A9: 5 | B9: Filter and explore | C9: Visual SPC. Pick a feature in B3, then filter by date range, shift, operator or tool. Every statistic and all three plots recompute from the filtered rows only. Blank filter = include everything.
A10: 6 | B10: Recording readings by hand | C10: Data Collection Form is already set up to print: A4 landscape, one page, spec limits pulled from Settings. Ctrl+P.
A12: IF THE CHARTS LOOK EMPTY
B13: Press Ctrl+Alt+F9 | C13: That forces a full recalculation. The workbook is built to recalculate when it opens, but this settles it if a chart looks stale.
B14: Check Active = Y | C14: A feature with Active = N on Settings has no name in Data Entry row 4 and is excluded from Capability.
B15: Check the readings are numbers | C15: Values pasted as text are ignored by every statistic. Excel shows them left-aligned with a green corner marker.
B16: #N/A in the hidden columns is correct | C16: That is how the charts shrink and grow with the data - Excel skips #N/A points. Do not 'fix' those cells.
A18: CHART COLOUR KEY
B19: Blue line + markers | C19: Individual measurements
B20: Green dashed | C20: CL - the process mean
B21: Red | C21: UCL / LCL - 3-sigma control limits calculated from mR-bar
B22: Purple long-dash | C22: USL / LSL - your specification limits
B23: Histogram bars | C23: Distribution of all readings for that feature. The purple spikes mark the bins holding LSL and USL, so you can see the distribution against the tolerance rather than against itself.
A25: WHAT EACH SHEET IS FOR
B26: Settings | C26: Feature definitions and display / monitor options
B27: Data Entry | C27: All measurements. Column H onward
B28: Data Collection Form | C28: Printable sheet for recording readings off-PC
B29: Control Charts | C29: Per feature: stats panel, X chart, mR chart, histogram
B30: Monitor | C30: Live screen: 4 selectable slots + all-feature status table
B31: Visual SPC | C31: Filtered analysis and plots
B32: Capability | C32: Cp / Cpk / Pp / Ppk and verdicts
B33: Dashboard | C33: One-feature summary
B34: Document Control | C34: Doc ID, revision, owner
A36: DISPLAY OPTIONS (Settings, column F)
B37: F5 Chart Window | C37: How many of the most recent points the charts plot (default 200). Charts always follow the newest data.
B38: F6 Histogram Bins | C38: Number of histogram bars (default 15).
B39: F7 Show Spec Limits | C39: Y shows the USL/LSL lines, N hides them without deleting the limits.
A41: FOLDER MONITORING - THE ONLY PART THAT NEEDS MACROS
A42: 1 | B42: Save as .xlsm | C42: File > Save As > Excel Macro-Enabled Workbook. Macros cannot be stored in a .xlsx.
A43: 2 | B43: Import the module | C43: Alt+F11 > File > Import File > SPC_V13_Monitor.bas. (If you were sent the .txt version, rename it to .bas first, or paste its contents into a new module and drop the first Attribute line.)
A44: 3 | B44: Buttons appear | C44: Save, close and reopen the workbook. The buttons on the right of this sheet and on the Monitor sheet are created automatically. If they are missing, run SPC_BuildButtons once from Alt+F8.
A45: 4 | B45: Point it at a folder | C45: Settings F8 = folder to watch, F9 = pattern such as *.csv, F10 = seconds between scans, F11 = Y to move imported files into the archive subfolder named in F12.
A46: 5 | B46: Press Start Monitoring | C46: New files are appended to Data Entry, all charts refresh, and the Monitor sheet logs status, last scan, and files / rows imported. Each file is imported once - a hidden log prevents double counting.
B47: Accepted file layouts | C47: Date, Shift, Operator, ToolID, Cluster, F1, F2, ... Fn -or- F1, F2, ... Fn on its own. A header row is skipped automatically.
A49: BUTTONS
B50: Right of this sheet | C50: Actions and navigation. They are drawn by the macro module, so they only appear once macros are enabled. Everything in the Quick Start above works without them.

Sheet Settings
A1: SPC CALCULATOR v13 - SETTINGS
A2: Yellow cells are yours to edit. Everything else is calculated.
A4: PARAMETER | B4: VALUE | C4: NOTES | E4: DISPLAY & MONITOR OPTIONS
A5: Number of Features | B5: 10 | C5: Features with full chart blocks (1-10). | E5: Chart Window (points) | F5: 200
A6: Data Rows Available | B6: 10000 | C6: Measurement rows on Data Entry. | E6: Histogram Bins | F6: 15
A7: Feature Start Column | B7: H | C7: First measurement column on Data Entry. | E7: Show Spec Limits | F7: Y
A8: Company | B8: R&G Precision Engineering Ltd | E8: Watch Folder
A9: Document ID | B9: RG-SPC-013 | E9: File Pattern | F9: *.csv
A10: Revision | B10: R01 | E10: Auto-Refresh (sec) | F10: 60
A11: Issue Date | B11: 2026-08-03 | E11: Archive Imported Files | F11: Y
A12: Owner | B12: Andrij Medwid, Senior Quality Engineer | E12: Archive Subfolder | F12: archive
A13: Status | B13: DRAFT | C13: DRAFT / ISSUED / SUPERSEDED | E13: Kiosk Cycle (sec) | F13: 20
E14: Charts plot the most recent 'Chart Window' points.
A15: FEATURE DEFINITIONS
A16: # | B16: Feature Name | C16: Nominal | D16: LSL | E16: USL | F16: Unit | G16: Active
A17: 1 | B17: Feature 1 | C17: 25 | D17: 24.76 | E17: 25.24 | F17: mm | G17: Y
A18: 2 | B18: Feature 2 | C18: 12.5 | D18: 12.22 | E18: 12.78 | F18: mm | G18: Y
A19: 3 | B19: Feature 3 | C19: 8 | D19: 7.8 | E19: 8.2 | F19: mm | G19: Y
A20: 4 | B20: Feature 4 | C20: 50 | D20: 49.2 | E20: 50.8 | F20: mm | G20: Y
A21: 5 | B21: Feature 5 | C21: 3.17 | D21: 3.122 | E21: 3.218 | F21: mm | G21: Y
A22: 6 | B22: Feature 6 | C22: 6.32 | D22: 6.208 | E22: 6.432 | F22: mm | G22: Y
A23: 7 | B23: Feature 7 | C23: 10.02 | D23: 9.94 | E23: 10.1 | F23: mm | G23: Y
A24: 8 | B24: Feature 8 | C24: 15 | D24: 14.72 | E24: 15.28 | F24: mm | G24: Y
A25: 9 | B25: Feature 9 | C25: 20 | D25: 19.76 | E25: 20.24 | F25: mm | G25: Y
A26: 10 | B26: Feature 10 | C26: 30 | D26: 29.56 | E26: 30.44 | F26: mm | G26: Y
A27: 11 | B27: Feature 11 | F27: mm | G27: N
A28: 12 | B28: Feature 12 | F28: mm | G28: N
A29: 13 | B29: Feature 13 | F29: mm | G29: N
A30: 14 | B30: Feature 14 | F30: mm | G30: N
A31: 15 | B31: Feature 15 | F31: mm | G31: N
A32: 16 | B32: Feature 16 | F32: mm | G32: N
A33: 17 | B33: Feature 17 | F33: mm | G33: N
A34: 18 | B34: Feature 18 | F34: mm | G34: N
A35: 19 | B35: Feature 19 | F35: mm | G35: N
A36: 20 | B36: Feature 20 | F36: mm | G36: N
A37: 21 | B37: Feature 21 | F37: mm | G37: N
A38: 22 | B38: Feature 22 | F38: mm | G38: N
... A66: 50 | B66: Feature 50 | F66: mm | G66: N

Sheet Data Entry
A1: SPC CALCULATOR v13 - DATA ENTRY
A2: Type measurements from column H onward. Every chart in the workbook follows this sheet.
A4: Sample # | B4: Subgroup | C4: Date | D4: Shift | E4: Operator | F4: Tool ID | G4: Cluster | H4: =IF(Settings!G17="Y",Settings!B17,"") | I4: =IF(Settings!G18="Y",Settings!B18,"") | J4: =IF(Settings!G19="Y",Settings!B19,"") | K4: =IF(Settings!G20="Y",Settings!B20,"") | L4: =IF(Settings!G21="Y",Settings!B21,"") | M4: =IF(Settings!G22="Y",Settings!B22,"") | N4: =IF(Settings!G23="Y",Settings!B23,"") | O4: =IF(Settings!G24="Y",Settings!B24,"") | P4: =IF(Settings!G25="Y",Settings!B25,"") | Q4: =IF(Settings!G26="Y",Settings!B26,"") | R4: =IF(Settings!G27="Y",Settings!B27,"") | S4: =IF(Settings!G28="Y",Settings!B28,"") | T4: =IF(Settings!G29="Y",Settings!B29,"") | U4: =IF(Settings!G30="Y",Settings!B30,"") | V4: =IF(Settings!G31="Y",Settings!B31,"") | W4: =IF(Settings!G32="Y",Settings!B32,"") | X4: =IF(Settings!G33="Y",Settings!B33,"") | Y4: =IF(Settings!G34="Y",Settings!B34,"") | Z4: =IF(Settings!G35="Y",Settings!B35,"") | AA4: =IF(Settings!G36="Y",Settings!B36,"") | AB4: =IF(Settings!G37="Y",Settings!B37,"") | AC4: =IF(Settings!G38="Y",Settings!B38,"") | AD4: =IF(Settings!G39="Y",Settings!B39,"") | AE4: =IF(Settings!G40="Y",Settings!B40,"") | AF4: =IF(Settings!G41="Y",Settings!B41,"") | AG4: =IF(Settings!G42="Y",Settings!B42,"") | AH4: =IF(Settings!G43="Y",Settings!B43,"") | AI4: =IF(Settings!G44="Y",Settings!B44,"") | AJ4: =IF(Settings!G45="Y",Settings!B45,"") | AK4: =IF(Settings!G46="Y",Settings!B46,"") | AL4: =IF(Settings!G47="Y",Settings!B47,"") | AM4: =IF(Settings!G48="Y",Settings!B48,"") | AN4: =IF(Settings!G49="Y",Settings!B49,"") | AO4: =IF(Settings!G50="Y",Settings!B50,"") | AP4: =IF(Settings!G51="Y",Settings!B51,"") | AQ4: =IF(Settings!G52="Y",Settings!B52,"") | AR4: =IF(Settings!G53="Y",Settings!B53,"") | AS4: =IF(Settings!G54="Y",Settings!B54,"") | AT4: =IF(Settings!G55="Y",Settings!B55,"") | AU4: =IF(Settings!G56="Y",Settings!B56,"") | AV4: =IF(Settings!G57="Y",Settings!B57,"") | AW4: =IF(Settings!G58="Y",Settings!B58,"") | AX4: =IF(Settings!G59="Y",Settings!B59,"") | AY4: =IF(Settings!G60="Y",Settings!B60,"") | AZ4: =IF(Settings!G61="Y",Settings!B61,"") | BA4: =IF(Settings!G62="Y",Settings!B62,"") | BB4: =IF(Settings!G63="Y",Settings!B63,"") | BC4: =IF(Settings!G64="Y",Settings!B64,"") | BD4: =IF(Settings!G65="Y",Settings!B65,"") | BE4: =IF(Settings!G66="Y",Settings!B66,"")
A5: =IF(H5="","",ROW()-4) | B5: =IF(H5="","",ROW()-4) | C5: 2026-07-02 | D5: A | E5: OP1 | F5: T01 | H5: 25.0299 | I5: 12.4614 | J5: 7.9877 | K5: 49.9469 | L5: 3.1644 | M5: 6.3588 | N5: 10.0064 | O5: 14.9009 | P5: 20.0588 | Q5: 29.8416
A6: =IF(H6="","",ROW()-4) | B6: =IF(H6="","",ROW()-4) | C6: 2026-07-03 | D6: B | E6: OP2 | F6: T02 | H6: 25.0135 | I6: 12.5357 | J6: 8.0434 | K6: 49.8052 | L6: 3.1484 | M6: 6.2908 | N6: 10.065 | O6: 14.9886 | P6: 20.087 | Q6: 29.9475
A7: =IF(H7="","",ROW()-4) | B7: =IF(H7="","",ROW()-4) | C7: 2026-07-04 | D7: C | E7: OP3 | F7: T03 | H7: 25.0489 | I7: 12.5464 | J7: 7.8927 | K7: 49.9122 | L7: 3.1711 | M7: 6.2807 | N7: 10.0633 | O7: 15.0748 | P7: 20.0639 | Q7: 29.9953
A8: =IF(H8="","",ROW()-4) | B8: =IF(H8="","",ROW()-4) | C8: 2026-07-05 | D8: A | E8: OP1 | F8: T01 | H8: 24.9139 | I8: 12.4755 | J8: 8.0409 | K8: 50.2694 | L8: 3.1664 | M8: 6.3147 | N8: 9.9929 | O8: 14.9534 | P8: 20.0371 | Q8: 29.9516
A9: =IF(H9="","",ROW()-4) | B9: =IF(H9="","",ROW()-4) | C9: 2026-07-06 | D9: B | E9: OP2 | F9: T02 | H9: 25.0293 | I9: 12.5171 | J9: 7.9491 | K9: 50.0077 | L9: 3.1722 | M9: 6.2928 | N9: 9.9834 | O9: 14.9605 | P9: 20.0318 | Q9: 29.6496
A10: =IF(H10="","",ROW()-4) | B10: =IF(H10="","",ROW()-4) | C10: 2026-07-07 | D10: C | E10: OP3 | F10: T03 | H10: 25.021 | I10: 12.4868 | J10: 7.9857 | K10: 50.1995 | L10: 3.1746 | M10: 6.3208 | N10: 9.9887 | O10: 15.0139 | P10: 19.9802 | Q10: 29.9917
A11: =IF(H11="","",ROW()-4) | B11: =IF(H11="","",ROW()-4) | C11: 2026-07-08 | D11: A | E11: OP1 | F11: T01 | H11: 25.0503 | I11: 12.5301 | J11: 7.9254 | K11: 50.3024 | L11: 3.1616 | M11: 6.2626 | N11: 10.0151 | O11: 14.971 | P11: 20.0391 | Q11: 29.9619
A12: =IF(H12="","",ROW()-4) | B12: =IF(H12="","",ROW()-4) | C12: 2026-07-09 | D12: B | E12: OP2 | F12: T02 | H12: 25.0967 | I12: 12.5871 | J12: 7.9636 | K12: 49.7933 | L12: 3.165 | M12: 6.3185 | N12: 10.0085 | O12: 15.0481 | P12: 19.9618 | Q12: 29.953
A13: =IF(H13="","",ROW()-4) | B13: =IF(H13="","",ROW()-4) | C13: 2026-07-10 | D13: C | E13: OP3 | F13: T03 | H13: 24.9403 | I13: 12.4637 | J13: 8.0343 | K13: 50.3662 | L13: 3.1678 | M13: 6.2868 | N13: 10.0084 | O13: 15.0646 | P13: 20.0031 | Q13: 29.9903
A14: =IF(H14="","",ROW()-4) | B14: =IF(H14="","",ROW()-4) | C14: 2026-07-11 | D14: A | E14: OP1 | F14: T01 | H14: 24.8808 | I14: 12.4055 | J14: 8.0498 | K14: 49.8887 | L14: 3.1726 | M14: 6.3258 | N14: 10.0436 | O14: 14.9974 | P14: 19.9681 | Q14: 30.0016
A15: =IF(H15="","",ROW()-4) | B15: =IF(H15="","",ROW()-4) | C15: 2026-07-12 | D15: B | E15: OP2 | F15: T02 | H15: 24.9368 | I15: 12.509 | J15: 7.976 | K15: 50.0298 | L15: 3.1661 | M15: 6.301 | N15: 10.0034 | O15: 14.9439 | P15: 19.9605 | Q15: 29.9558
A16: =IF(H16="","",ROW()-4) | B16: =IF(H16="","",ROW()-4) | C16: 2026-07-13 | D16: C | E16: OP3 | F16: T03 | H16: 25.1267 | I16: 12.4524 | J16: 8.0194 | K16: 50.2784 | L16: 3.184 | M16: 6.3026 | N16: 10.0199 | O16: 15.0645 | P16: 19.9884 | Q16: 29.7797
... A104: =IF(H104="","",ROW()-4) | B104: =IF(H104="","",ROW()-4) | C104: 2026-10-09 | D104: A | E104: OP1 | F104: T01 | H104: 25.1055 | I104: 12.6182 | J104: 8.0411 | K104: 49.7901 | L104: 3.1822 | M104: 6.3063 | N104: 10.0007 | O104: 14.8232 | P104: 19.9699 | Q104: 29.9563
A105: =IF(H105="","",ROW()-4) | B105: =IF(H105="","",ROW()-4)
A106: =IF(H106="","",ROW()-4) | B106: =IF(H106="","",ROW()-4)
A107: =IF(H107="","",ROW()-4) | B107: =IF(H107="","",ROW()-4)
A108: =IF(H108="","",ROW()-4) | B108: =IF(H108="","",ROW()-4)
A109: =IF(H109="","",ROW()-4) | B109: =IF(H109="","",ROW()-4)
A110: =IF(H110="","",ROW()-4) | B110: =IF(H110="","",ROW()-4)
A111: =IF(H111="","",ROW()-4) | B111: =IF(H111="","",ROW()-4)
A112: =IF(H112="","",ROW()-4) | B112: =IF(H112="","",ROW()-4)
A113: =IF(H113="","",ROW()-4) | B113: =IF(H113="","",ROW()-4)
A114: =IF(H114="","",ROW()-4) | B114: =IF(H114="","",ROW()-4)
A115: =IF(H115="","",ROW()-4) | B115: =IF(H115="","",ROW()-4)
A116: =IF(H116="","",ROW()-4) | B116: =IF(H116="","",ROW()-4)
... A10004: =IF(H10004="","",ROW()-4) | B10004: =IF(H10004="","",ROW()-4)
A10007: STATISTICS (auto-calculated)
A10008: Statistic | H10008: =H4 | I10008: =I4 | J10008: =J4 | K10008: =K4 | L10008: =L4 | M10008: =M4 | N10008: =N4 | O10008: =O4 | ... BE10008: =BE4
A10009: Count (n) | H10009: =COUNT('Data Entry'!$H$5:$H$10004) | I10009: =COUNT('Data Entry'!$I$5:$I$10004) | J10009: =COUNT('Data Entry'!$J$5:$J$10004) | K10009: =COUNT('Data Entry'!$K$5:$K$10004) | L10009: =COUNT('Data Entry'!$L$5:$L$10004) | M10009: =COUNT('Data Entry'!$M$5:$M$10004) | N10009: =COUNT('Data Entry'!$N$5:$N$10004) | O10009: =COUNT('Data Entry'!$O$5:$O$10004) | P10009: =COUNT('Data Entry'!$P$5:$P$10004) | Q10009: =COUNT('Data Entry'!$Q$5:$Q$10004) | R10009: =COUNT('Data Entry'!$R$5:$R$10004) | S10009: =COUNT('Data Entry'!$S$5:$S$10004) | T10009: =COUNT('Data Entry'!$T$5:$T$10004) | U10009: =COUNT('Data Entry'!$U$5:$U$10004) | V10009: =COUNT('Data Entry'!$V$5:$V$10004) | W10009: =COUNT('Data Entry'!$W$5:$W$10004) | X10009: =COUNT('Data Entry'!$X$5:$X$10004) | Y10009: =COUNT('Data Entry'!$Y$5:$Y$10004) | Z10009: =COUNT('Data Entry'!$Z$5:$Z$10004) | AA10009: =COUNT('Data Entry'!$AA$5:$AA$10004) | AB10009: =COUNT('Data Entry'!$AB$5:$AB$10004) | AC10009: =COUNT('Data Entry'!$AC$5:$AC$10004) | AD10009: =COUNT('Data Entry'!$AD$5:$AD$10004) | AE10009: =COUNT('Data Entry'!$AE$5:$AE$10004) | AF10009: =COUNT('Data Entry'!$AF$5:$AF$10004) | AG10009: =COUNT('Data Entry'!$AG$5:$AG$10004) | AH10009: =COUNT('Data Entry'!$AH$5:$AH$10004) | AI10009: =COUNT('Data Entry'!$AI$5:$AI$10004) | AJ10009: =COUNT('Data Entry'!$AJ$5:$AJ$10004) | AK10009: =COUNT('Data Entry'!$AK$5:$AK$10004) | AL10009: =COUNT('Data Entry'!$AL$5:$AL$10004) | AM10009: =COUNT('Data Entry'!$AM$5:$AM$10004) | AN10009: =COUNT('Data Entry'!$AN$5:$AN$10004) | AO10009: =COUNT('Data Entry'!$AO$5:$AO$10004) | AP10009: =COUNT('Data Entry'!$AP$5:$AP$10004) | AQ10009: =COUNT('Data Entry'!$AQ$5:$AQ$10004) | AR10009: =COUNT('Data Entry'!$AR$5:$AR$10004) | AS10009: =COUNT('Data Entry'!$AS$5:$AS$10004) | AT10009: =COUNT('Data Entry'!$AT$5:$AT$10004) | AU10009: =COUNT('Data Entry'!$AU$5:$AU$10004) | AV10009: =COUNT('Data Entry'!$AV$5:$AV$10004) | AW10009: =COUNT('Data Entry'!$AW$5:$AW$10004) | AX10009: =COUNT('Data Entry'!$AX$5:$AX$10004) | AY10009: =COUNT('Data Entry'!$AY$5:$AY$10004) | AZ10009: =COUNT('Data Entry'!$AZ$5:$AZ$10004) | BA10009: =COUNT('Data Entry'!$BA$5:$BA$10004) | BB10009: =COUNT('Data Entry'!$BB$5:$BB$10004) | BC10009: =COUNT('Data Entry'!$BC$5:$BC$10004) | BD10009: =COUNT('Data Entry'!$BD$5:$BD$10004) | BE10009: =COUNT('Data Entry'!$BE$5:$BE$10004)
A10010: Mean (X-bar) | H10010: =IF(COUNT('Data Entry'!$H$5:$H$10004)=0,"",AVERAGE('Data Entry'!$H$5:$H$10004)) | I10010: =IF(COUNT('Data Entry'!$I$5:$I$10004)=0,"",AVERAGE('Data Entry'!$I$5:$I$10004)) | J10010: =IF(COUNT('Data Entry'!$J$5:$J$10004)=0,"",AVERAGE('Data Entry'!$J$5:$J$10004)) | K10010: =IF(COUNT('Data Entry'!$K$5:$K$10004)=0,"",AVERAGE('Data Entry'!$K$5:$K$10004)) | L10010: =IF(COUNT('Data Entry'!$L$5:$L$10004)=0,"",AVERAGE('Data Entry'!$L$5:$L$10004)) | M10010: =IF(COUNT('Data Entry'!$M$5:$M$10004)=0,"",AVERAGE('Data Entry'!$M$5:$M$10004)) | N10010: =IF(COUNT('Data Entry'!$N$5:$N$10004)=0,"",AVERAGE('Data Entry'!$N$5:$N$10004)) | O10010: =IF(COUNT('Data Entry'!$O$5:$O$10004)=0,"",AVERAGE('Data Entry'!$O$5:$O$10004)) | P10010: =IF(COUNT('Data Entry'!$P$5:$P$10004)=0,"",AVERAGE('Data Entry'!$P$5:$P$10004)) | Q10010: =IF(COUNT('Data Entry'!$Q$5:$Q$10004)=0,"",AVERAGE('Data Entry'!$Q$5:$Q$10004)) | R10010: =IF(COUNT('Data Entry'!$R$5:$R$10004)=0,"",AVERAGE('Data Entry'!$R$5:$R$10004)) | S10010: =IF(COUNT('Data Entry'!$S$5:$S$10004)=0,"",AVERAGE('Data Entry'!$S$5:$S$10004)) | T10010: =IF(COUNT('Data Entry'!$T$5:$T$10004)=0,"",AVERAGE('Data Entry'!$T$5:$T$10004)) | U10010: =IF(COUNT('Data Entry'!$U$5:$U$10004)=0,"",AVERAGE('Data Entry'!$U$5:$U$10004)) | V10010: =IF(COUNT('Data Entry'!$V$5:$V$10004)=0,"",AVERAGE('Data Entry'!$V$5:$V$10004)) | W10010: =IF(COUNT('Data Entry'!$W$5:$W$10004)=0,"",AVERAGE('Data Entry'!$W$5:$W$10004)) | X10010: =IF(COUNT('Data Entry'!$X$5:$X$10004)=0,"",AVERAGE('Data Entry'!$X$5:$X$10004)) | Y10010: =IF(COUNT('Data Entry'!$Y$5:$Y$10004)=0,"",AVERAGE('Data Entry'!$Y$5:$Y$10004)) | Z10010: =IF(COUNT('Data Entry'!$Z$5:$Z$10004)=0,"",AVERAGE('Data Entry'!$Z$5:$Z$10004)) | AA10010: =IF(COUNT('Data Entry'!$AA$5:$AA$10004)=0,"",AVERAGE('Data Entry'!$AA$5:$AA$10004)) | AB10010: =IF(COUNT('Data Entry'!$AB$5:$AB$10004)=0,"",AVERAGE('Data Entry'!$AB$5:$AB$10004)) | AC10010: =IF(COUNT('Data Entry'!$AC$5:$AC$10004)=0,"",AVERAGE('Data Entry'!$AC$5:$AC$10004)) | AD10010: =IF(COUNT('Data Entry'!$AD$5:$AD$10004)=0,"",AVERAGE('Data Entry'!$AD$5:$AD$10004)) | AE10010: =IF(COUNT('Data Entry'!$AE$5:$AE$10004)=0,"",AVERAGE('Data Entry'!$AE$5:$AE$10004)) | AF10010: =IF(COUNT('Data Entry'!$AF$5:$AF$10004)=0,"",AVERAGE('Data Entry'!$AF$5:$AF$10004)) | AG10010: =IF(COUNT('Data Entry'!$AG$5:$AG$10004)=0,"",AVERAGE('Data Entry'!$AG$5:$AG$10004)) | AH10010: =IF(COUNT('Data Entry'!$AH$5:$AH$10004)=0,"",AVERAGE('Data Entry'!$AH$5:$AH$10004)) | AI10010: =IF(COUNT('Data Entry'!$AI$5:$AI$10004)=0,"",AVERAGE('Data Entry'!$AI$5:$AI$10004)) | AJ10010: =IF(COUNT('Data Entry'!$AJ$5:$AJ$10004)=0,"",AVERAGE('Data Entry'!$AJ$5:$AJ$10004)) | AK10010: =IF(COUNT('Data Entry'!$AK$5:$AK$10004)=0,"",AVERAGE('Data Entry'!$AK$5:$AK$10004)) | AL10010: =IF(COUNT('Data Entry'!$AL$5:$AL$10004)=0,"",AVERAGE('Data Entry'!$AL$5:$AL$10004)) | AM10010: =IF(COUNT('Data Entry'!$AM$5:$AM$10004)=0,"",AVERAGE('Data Entry'!$AM$5:$AM$10004)) | AN10010: =IF(COUNT('Data Entry'!$AN$5:$AN$10004)=0,"",AVERAGE('Data Entry'!$AN$5:$AN$10004)) | AO10010: =IF(COUNT('Data Entry'!$AO$5:$AO$10004)=0,"",AVERAGE('Data Entry'!$AO$5:$AO$10004)) | AP10010: =IF(COUNT('Data Entry'!$AP$5:$AP$10004)=0,"",AVERAGE('Data Entry'!$AP$5:$AP$10004)) | AQ10010: =IF(COUNT('Data Entry'!$AQ$5:$AQ$10004)=0,"",AVERAGE('Data Entry'!$AQ$5:$AQ$10004)) | AR10010: =IF(COUNT('Data Entry'!$AR$5:$AR$10004)=0,"",AVERAGE('Data Entry'!$AR$5:$AR$10004)) | AS10010: =IF(COUNT('Data Entry'!$AS$5:$AS$10004)=0,"",AVERAGE('Data Entry'!$AS$5:$AS$10004)) | AT10010: =IF(COUNT('Data Entry'!$AT$5:$AT$10004)=0,"",AVERAGE('Data Entry'!$AT$5:$AT$10004)) | AU10010: =IF(COUNT('Data Entry'!$AU$5:$AU$10004)=0,"",AVERAGE('Data Entry'!$AU$5:$AU$10004)) | AV10010: =IF(COUNT('Data Entry'!$AV$5:$AV$10004)=0,"",AVERAGE('Data Entry'!$AV$5:$AV$10004)) | AW10010: =IF(COUNT('Data Entry'!$AW$5:$AW$10004)=0,"",AVERAGE('Data Entry'!$AW$5:$AW$10004)) | AX10010: =IF(COUNT('Data Entry'!$AX$5:$AX$10004)=0,"",AVERAGE('Data Entry'!$AX$5:$AX$10004)) | AY10010: =IF(COUNT('Data Entry'!$AY$5:$AY$10004)=0,"",AVERAGE('Data Entry'!$AY$5:$AY$10004)) | AZ10010: =IF(COUNT('Data Entry'!$AZ$5:$AZ$10004)=0,"",AVERAGE('Data Entry'!$AZ$5:$AZ$10004)) | BA10010: =IF(COUNT('Data Entry'!$BA$5:$BA$10004)=0,"",AVERAGE('Data Entry'!$BA$5:$BA$10004)) | BB10010: =IF(COUNT('Data Entry'!$BB$5:$BB$10004)=0,"",AVERAGE('Data Entry'!$BB$5:$BB$10004)) | BC10010: =IF(COUNT('Data Entry'!$BC$5:$BC$10004)=0,"",AVERAGE('Data Entry'!$BC$5:$BC$10004)) | BD10010: =IF(COUNT('Data Entry'!$BD$5:$BD$10004)=0,"",AVERAGE('Data Entry'!$BD$5:$BD$10004)) | BE10010: =IF(COUNT('Data Entry'!$BE$5:$BE$10004)=0,"",AVERAGE('Data Entry'!$BE$5:$BE$10004))
A10011: Min | H10011: =IF(COUNT('Data Entry'!$H$5:$H$10004)=0,"",MIN('Data Entry'!$H$5:$H$10004)) | I10011: =IF(COUNT('Data Entry'!$I$5:$I$10004)=0,"",MIN('Data Entry'!$I$5:$I$10004)) | J10011: =IF(COUNT('Data Entry'!$J$5:$J$10004)=0,"",MIN('Data Entry'!$J$5:$J$10004)) | K10011: =IF(COUNT('Data Entry'!$K$5:$K$10004)=0,"",MIN('Data Entry'!$K$5:$K$10004)) | L10011: =IF(COUNT('Data Entry'!$L$5:$L$10004)=0,"",MIN('Data Entry'!$L$5:$L$10004)) | M10011: =IF(COUNT('Data Entry'!$M$5:$M$10004)=0,"",MIN('Data Entry'!$M$5:$M$10004)) | N10011: =IF(COUNT('Data Entry'!$N$5:$N$10004)=0,"",MIN('Data Entry'!$N$5:$N$10004)) | O10011: =IF(COUNT('Data Entry'!$O$5:$O$10004)=0,"",MIN('Data Entry'!$O$5:$O$10004)) | P10011: =IF(COUNT('Data Entry'!$P$5:$P$10004)=0,"",MIN('Data Entry'!$P$5:$P$10004)) | Q10011: =IF(COUNT('Data Entry'!$Q$5:$Q$10004)=0,"",MIN('Data Entry'!$Q$5:$Q$10004)) | R10011: =IF(COUNT('Data Entry'!$R$5:$R$10004)=0,"",MIN('Data Entry'!$R$5:$R$10004)) | S10011: =IF(COUNT('Data Entry'!$S$5:$S$10004)=0,"",MIN('Data Entry'!$S$5:$S$10004)) | T10011: =IF(COUNT('Data Entry'!$T$5:$T$10004)=0,"",MIN('Data Entry'!$T$5:$T$10004)) | U10011: =IF(COUNT('Data Entry'!$U$5:$U$10004)=0,"",MIN('Data Entry'!$U$5:$U$10004)) | V10011: =IF(COUNT('Data Entry'!$V$5:$V$10004)=0,"",MIN('Data Entry'!$V$5:$V$10004)) | W10011: =IF(COUNT('Data Entry'!$W$5:$W$10004)=0,"",MIN('Data Entry'!$W$5:$W$10004)) | X10011: =IF(COUNT('Data Entry'!$X$5:$X$10004)=0,"",MIN('Data Entry'!$X$5:$X$10004)) | Y10011: =IF(COUNT('Data Entry'!$Y$5:$Y$10004)=0,"",MIN('Data Entry'!$Y$5:$Y$10004)) | Z10011: =IF(COUNT('Data Entry'!$Z$5:$Z$10004)=0,"",MIN('Data Entry'!$Z$5:$Z$10004)) | AA10011: =IF(COUNT('Data Entry'!$AA$5:$AA$10004)=0,"",MIN('Data Entry'!$AA$5:$AA$10004)) | AB10011: =IF(COUNT('Data Entry'!$AB$5:$AB$10004)=0,"",MIN('Data Entry'!$AB$5:$AB$10004)) | AC10011: =IF(COUNT('Data Entry'!$AC$5:$AC$10004)=0,"",MIN('Data Entry'!$AC$5:$AC$10004)) | AD10011: =IF(COUNT('Data Entry'!$AD$5:$AD$10004)=0,"",MIN('Data Entry'!$AD$5:$AD$10004)) | AE10011: =IF(COUNT('Data Entry'!$AE$5:$AE$10004)=0,"",MIN('Data Entry'!$AE$5:$AE$10004)) | AF10011: =IF(COUNT('Data Entry'!$AF$5:$AF$10004)=0,"",MIN('Data Entry'!$AF$5:$AF$10004)) | AG10011: =IF(COUNT('Data Entry'!$AG$5:$AG$10004)=0,"",MIN('Data Entry'!$AG$5:$AG$10004)) | AH10011: =IF(COUNT('Data Entry'!$AH$5:$AH$10004)=0,"",MIN('Data Entry'!$AH$5:$AH$10004)) | AI10011: =IF(COUNT('Data Entry'!$AI$5:$AI$10004)=0,"",MIN('Data Entry'!$AI$5:$AI$10004)) | AJ10011: =IF(COUNT('Data Entry'!$AJ$5:$AJ$10004)=0,"",MIN('Data Entry'!$AJ$5:$AJ$10004)) | AK10011: =IF(COUNT('Data Entry'!$AK$5:$AK$10004)=0,"",MIN('Data Entry'!$AK$5:$AK$10004)) | AL10011: =IF(COUNT('Data Entry'!$AL$5:$AL$10004)=0,"",MIN('Data Entry'!$AL$5:$AL$10004)) | AM10011: =IF(COUNT('Data Entry'!$AM$5:$AM$10004)=0,"",MIN('Data Entry'!$AM$5:$AM$10004)) | AN10011: =IF(COUNT('Data Entry'!$AN$5:$AN$10004)=0,"",MIN('Data Entry'!$AN$5:$AN$10004)) | AO10011: =IF(COUNT('Data Entry'!$AO$5:$AO$10004)=0,"",MIN('Data Entry'!$AO$5:$AO$10004)) | AP10011: =IF(COUNT('Data Entry'!$AP$5:$AP$10004)=0,"",MIN('Data Entry'!$AP$5:$AP$10004)) | AQ10011: =IF(COUNT('Data Entry'!$AQ$5:$AQ$10004)=0,"",MIN('Data Entry'!$AQ$5:$AQ$10004)) | AR10011: =IF(COUNT('Data Entry'!$AR$5:$AR$10004)=0,"",MIN('Data Entry'!$AR$5:$AR$10004)) | AS10011: =IF(COUNT('Data Entry'!$AS$5:$AS$10004)=0,"",MIN('Data Entry'!$AS$5:$AS$10004)) | AT10011: =IF(COUNT('Data Entry'!$AT$5:$AT$10004)=0,"",MIN('Data Entry'!$AT$5:$AT$10004)) | AU10011: =IF(COUNT('Data Entry'!$AU$5:$AU$10004)=0,"",MIN('Data Entry'!$AU$5:$AU$10004)) | AV10011: =IF(COUNT('Data Entry'!$AV$5:$AV$10004)=0,"",MIN('Data Entry'!$AV$5:$AV$10004)) | AW10011: =IF(COUNT('Data Entry'!$AW$5:$AW$10004)=0,"",MIN('Data Entry'!$AW$5:$AW$10004)) | AX10011: =IF(COUNT('Data Entry'!$AX$5:$AX$10004)=0,"",MIN('Data Entry'!$AX$5:$AX$10004)) | AY10011: =IF(COUNT('Data Entry'!$AY$5:$AY$10004)=0,"",MIN('Data Entry'!$AY$5:$AY$10004)) | AZ10011: =IF(COUNT('Data Entry'!$AZ$5:$AZ$10004)=0,"",MIN('Data Entry'!$AZ$5:$AZ$10004)) | BA10011: =IF(COUNT('Data Entry'!$BA$5:$BA$10004)=0,"",MIN('Data Entry'!$BA$5:$BA$10004)) | BB10011: =IF(COUNT('Data Entry'!$BB$5:$BB$10004)=0,"",MIN('Data Entry'!$BB$5:$BB$10004)) | BC10011: =IF(COUNT('Data Entry'!$BC$5:$BC$10004)=0,"",MIN('Data Entry'!$BC$5:$BC$10004)) | BD10011: =IF(COUNT('Data Entry'!$BD$5:$BD$10004)=0,"",MIN('Data Entry'!$BD$5:$BD$10004)) | BE10011: =IF(COUNT('Data Entry'!$BE$5:$BE$10004)=0,"",MIN('Data Entry'!$BE$5:$BE$10004))
A10012: Max | H10012: =IF(COUNT('Data Entry'!$H$5:$H$10004)=0,"",MAX('Data Entry'!$H$5:$H$10004)) | I10012: =IF(COUNT('Data Entry'!$I$5:$I$10004)=0,"",MAX('Data Entry'!$I$5:$I$10004)) | J10012: =IF(COUNT('Data Entry'!$J$5:$J$10004)=0,"",MAX('Data Entry'!$J$5:$J$10004)) | K10012: =IF(COUNT('Data Entry'!$K$5:$K$10004)=0,"",MAX('Data Entry'!$K$5:$K$10004)) | L10012: =IF(COUNT('Data Entry'!$L$5:$L$10004)=0,"",MAX('Data Entry'!$L$5:$L$10004)) | M10012: =IF(COUNT('Data Entry'!$M$5:$M$10004)=0,"",MAX('Data Entry'!$M$5:$M$10004)) | N10012: =IF(COUNT('Data Entry'!$N$5:$N$10004)=0,"",MAX('Data Entry'!$N$5:$N$10004)) | O10012: =IF(COUNT('Data Entry'!$O$5:$O$10004)=0,"",MAX('Data Entry'!$O$5:$O$10004)) | P10012: =IF(COUNT('Data Entry'!$P$5:$P$10004)=0,"",MAX('Data Entry'!$P$5:$P$10004)) | Q10012: =IF(COUNT('Data Entry'!$Q$5:$Q$10004)=0,"",MAX('Data Entry'!$Q$5:$Q$10004)) | R10012: =IF(COUNT('Data Entry'!$R$5:$R$10004)=0,"",MAX('Data Entry'!$R$5:$R$10004)) | S10012: =IF(COUNT('Data Entry'!$S$5:$S$10004)=0,"",MAX('Data Entry'!$S$5:$S$10004)) | T10012: =IF(COUNT('Data Entry'!$T$5:$T$10004)=0,"",MAX('Data Entry'!$T$5:$T$10004)) | U10012: =IF(COUNT('Data Entry'!$U$5:$U$10004)=0,"",MAX('Data Entry'!$U$5:$U$10004)) | V10012: =IF(COUNT('Data Entry'!$V$5:$V$10004)=0,"",MAX('Data Entry'!$V$5:$V$10004)) | W10012: =IF(COUNT('Data Entry'!$W$5:$W$10004)=0,"",MAX('Data Entry'!$W$5:$W$10004)) | X10012: =IF(COUNT('Data Entry'!$X$5:$X$10004)=0,"",MAX('Data Entry'!$X$5:$X$10004)) | Y10012: =IF(COUNT('Data Entry'!$Y$5:$Y$10004)=0,"",MAX('Data Entry'!$Y$5:$Y$10004)) | Z10012: =IF(COUNT('Data Entry'!$Z$5:$Z$10004)=0,"",MAX('Data Entry'!$Z$5:$Z$10004)) | AA10012: =IF(COUNT('Data Entry'!$AA$5:$AA$10004)=0,"",MAX('Data Entry'!$AA$5:$AA$10004)) | AB10012: =IF(COUNT('Data Entry'!$AB$5:$AB$10004)=0,"",MAX('Data Entry'!$AB$5:$AB$10004)) | AC10012: =IF(COUNT('Data Entry'!$AC$5:$AC$10004)=0,"",MAX('Data Entry'!$AC$5:$AC$10004)) | AD10012: =IF(COUNT('Data Entry'!$AD$5:$AD$10004)=0,"",MAX('Data Entry'!$AD$5:$AD$10004)) | AE10012: =IF(COUNT('Data Entry'!$AE$5:$AE$10004)=0,"",MAX('Data Entry'!$AE$5:$AE$10004)) | AF10012: =IF(COUNT('Data Entry'!$AF$5:$AF$10004)=0,"",MAX('Data Entry'!$AF$5:$AF$10004)) | AG10012: =IF(COUNT('Data Entry'!$AG$5:$AG$10004)=0,"",MAX('Data Entry'!$AG$5:$AG$10004)) | AH10012: =IF(COUNT('Data Entry'!$AH$5:$AH$10004)=0,"",MAX('Data Entry'!$AH$5:$AH$10004)) | AI10012: =IF(COUNT('Data Entry'!$AI$5:$AI$10004)=0,"",MAX('Data Entry'!$AI$5:$AI$10004)) | AJ10012: =IF(COUNT('Data Entry'!$AJ$5:$AJ$10004)=0,"",MAX('Data Entry'!$AJ$5:$AJ$10004)) | AK10012: =IF(COUNT('Data Entry'!$AK$5:$AK$10004)=0,"",MAX('Data Entry'!$AK$5:$AK$10004)) | AL10012: =IF(COUNT('Data Entry'!$AL$5:$AL$10004)=0,"",MAX('Data Entry'!$AL$5:$AL$10004)) | AM10012: =IF(COUNT('Data Entry'!$AM$5:$AM$10004)=0,"",MAX('Data Entry'!$AM$5:$AM$10004)) | AN10012: =IF(COUNT('Data Entry'!$AN$5:$AN$10004)=0,"",MAX('Data Entry'!$AN$5:$AN$10004)) | AO10012: =IF(COUNT('Data Entry'!$AO$5:$AO$10004)=0,"",MAX('Data Entry'!$AO$5:$AO$10004)) | AP10012: =IF(COUNT('Data Entry'!$AP$5:$AP$10004)=0,"",MAX('Data Entry'!$AP$5:$AP$10004)) | AQ10012: =IF(COUNT('Data Entry'!$AQ$5:$AQ$10004)=0,"",MAX('Data Entry'!$AQ$5:$AQ$10004)) | AR10012: =IF(COUNT('Data Entry'!$AR$5:$AR$10004)=0,"",MAX('Data Entry'!$AR$5:$AR$10004)) | AS10012: =IF(COUNT('Data Entry'!$AS$5:$AS$10004)=0,"",MAX('Data Entry'!$AS$5:$AS$10004)) | AT10012: =IF(COUNT('Data Entry'!$AT$5:$AT$10004)=0,"",MAX('Data Entry'!$AT$5:$AT$10004)) | AU10012: =IF(COUNT('Data Entry'!$AU$5:$AU$10004)=0,"",MAX('Data Entry'!$AU$5:$AU$10004)) | AV10012: =IF(COUNT('Data Entry'!$AV$5:$AV$10004)=0,"",MAX('Data Entry'!$AV$5:$AV$10004)) | AW10012: =IF(COUNT('Data Entry'!$AW$5:$AW$10004)=0,"",MAX('Data Entry'!$AW$5:$AW$10004)) | AX10012: =IF(COUNT('Data Entry'!$AX$5:$AX$10004)=0,"",MAX('Data Entry'!$AX$5:$AX$10004)) | AY10012: =IF(COUNT('Data Entry'!$AY$5:$AY$10004)=0,"",MAX('Data Entry'!$AY$5:$AY$10004)) | AZ10012: =IF(COUNT('Data Entry'!$AZ$5:$AZ$10004)=0,"",MAX('Data Entry'!$AZ$5:$AZ$10004)) | BA10012: =IF(COUNT('Data Entry'!$BA$5:$BA$10004)=0,"",MAX('Data Entry'!$BA$5:$BA$10004)) | BB10012: =IF(COUNT('Data Entry'!$BB$5:$BB$10004)=0,"",MAX('Data Entry'!$BB$5:$BB$10004)) | BC10012: =IF(COUNT('Data Entry'!$BC$5:$BC$10004)=0,"",MAX('Data Entry'!$BC$5:$BC$10004)) | BD10012: =IF(COUNT('Data Entry'!$BD$5:$BD$10004)=0,"",MAX('Data Entry'!$BD$5:$BD$10004)) | BE10012: =IF(COUNT('Data Entry'!$BE$5:$BE$10004)=0,"",MAX('Data Entry'!$BE$5:$BE$10004))
A10013: Range (Max-Min) | H10013: =IF(COUNT('Data Entry'!$H$5:$H$10004)=0,"",MAX('Data Entry'!$H$5:$H$10004)-MIN('Data Entry'!$H$5:$H$10004)) | I10013: =IF(COUNT('Data Entry'!$I$5:$I$10004)=0,"",MAX('Data Entry'!$I$5:$I$10004)-MIN('Data Entry'!$I$5:$I$10004)) | J10013: =IF(COUNT('Data Entry'!$J$5:$J$10004)=0,"",MAX('Data Entry'!$J$5:$J$10004)-MIN('Data Entry'!$J$5:$J$10004)) | K10013: =IF(COUNT('Data Entry'!$K$5:$K$10004)=0,"",MAX('Data Entry'!$K$5:$K$10004)-MIN('Data Entry'!$K$5:$K$10004)) | L10013: =IF(COUNT('Data Entry'!$L$5:$L$10004)=0,"",MAX('Data Entry'!$L$5:$L$10004)-MIN('Data Entry'!$L$5:$L$10004)) | M10013: =IF(COUNT('Data Entry'!$M$5:$M$10004)=0,"",MAX('Data Entry'!$M$5:$M$10004)-MIN('Data Entry'!$M$5:$M$10004)) | N10013: =IF(COUNT('Data Entry'!$N$5:$N$10004)=0,"",MAX('Data Entry'!$N$5:$N$10004)-MIN('Data Entry'!$N$5:$N$10004)) | O10013: =IF(COUNT('Data Entry'!$O$5:$O$10004)=0,"",MAX('Data Entry'!$O$5:$O$10004)-MIN('Data Entry'!$O$5:$O$10004)) | P10013: =IF(COUNT('Data Entry'!$P$5:$P$10004)=0,"",MAX('Data Entry'!$P$5:$P$10004)-MIN('Data Entry'!$P$5:$P$10004)) | Q10013: =IF(COUNT('Data Entry'!$Q$5:$Q$10004)=0,"",MAX('Data Entry'!$Q$5:$Q$10004)-MIN('Data Entry'!$Q$5:$Q$10004)) | R10013: =IF(COUNT('Data Entry'!$R$5:$R$10004)=0,"",MAX('Data Entry'!$R$5:$R$10004)-MIN('Data Entry'!$R$5:$R$10004)) | S10013: =IF(COUNT('Data Entry'!$S$5:$S$10004)=0,"",MAX('Data Entry'!$S$5:$S$10004)-MIN('Data Entry'!$S$5:$S$10004)) | T10013: =IF(COUNT('Data Entry'!$T$5:$T$10004)=0,"",MAX('Data Entry'!$T$5:$T$10004)-MIN('Data Entry'!$T$5:$T$10004)) | U10013: =IF(COUNT('Data Entry'!$U$5:$U$10004)=0,"",MAX('Data Entry'!$U$5:$U$10004)-MIN('Data Entry'!$U$5:$U$10004)) | V10013: =IF(COUNT('Data Entry'!$V$5:$V$10004)=0,"",MAX('Data Entry'!$V$5:$V$10004)-MIN('Data Entry'!$V$5:$V$10004)) | W10013: =IF(COUNT('Data Entry'!$W$5:$W$10004)=0,"",MAX('Data Entry'!$W$5:$W$10004)-MIN('Data Entry'!$W$5:$W$10004)) | X10013: =IF(COUNT('Data Entry'!$X$5:$X$10004)=0,"",MAX('Data Entry'!$X$5:$X$10004)-MIN('Data Entry'!$X$5:$X$10004)) | Y10013: =IF(COUNT('Data Entry'!$Y$5:$Y$10004)=0,"",MAX('Data Entry'!$Y$5:$Y$10004)-MIN('Data Entry'!$Y$5:$Y$10004)) | Z10013: =IF(COUNT('Data Entry'!$Z$5:$Z$10004)=0,"",MAX('Data Entry'!$Z$5:$Z$10004)-MIN('Data Entry'!$Z$5:$Z$10004)) | AA10013: =IF(COUNT('Data Entry'!$AA$5:$AA$10004)=0,"",MAX('Data Entry'!$AA$5:$AA$10004)-MIN('Data Entry'!$AA$5:$AA$10004)) | AB10013: =IF(COUNT('Data Entry'!$AB$5:$AB$10004)=0,"",MAX('Data Entry'!$AB$5:$AB$10004)-MIN('Data Entry'!$AB$5:$AB$10004)) | AC10013: =IF(COUNT('Data Entry'!$AC$5:$AC$10004)=0,"",MAX('Data Entry'!$AC$5:$AC$10004)-MIN('Data Entry'!$AC$5:$AC$10004)) | AD10013: =IF(COUNT('Data Entry'!$AD$5:$AD$10004)=0,"",MAX('Data Entry'!$AD$5:$AD$10004)-MIN('Data Entry'!$AD$5:$AD$10004)) | AE10013: =IF(COUNT('Data Entry'!$AE$5:$AE$10004)=0,"",MAX('Data Entry'!$AE$5:$AE$10004)-MIN('Data Entry'!$AE$5:$AE$10004)) | AF10013: =IF(COUNT('Data Entry'!$AF$5:$AF$10004)=0,"",MAX('Data Entry'!$AF$5:$AF$10004)-MIN('Data Entry'!$AF$5:$AF$10004)) | AG10013: =IF(COUNT('Data Entry'!$AG$5:$AG$10004)=0,"",MAX('Data Entry'!$AG$5:$AG$10004)-MIN('Data Entry'!$AG$5:$AG$10004)) | AH10013: =IF(COUNT('Data Entry'!$AH$5:$AH$10004)=0,"",MAX('Data Entry'!$AH$5:$AH$10004)-MIN('Data Entry'!$AH$5:$AH$10004)) | AI10013: =IF(COUNT('Data Entry'!$AI$5:$AI$10004)=0,"",MAX('Data Entry'!$AI$5:$AI$10004)-MIN('Data Entry'!$AI$5:$AI$10004)) | AJ10013: =IF(COUNT('Data Entry'!$AJ$5:$AJ$10004)=0,"",MAX('Data Entry'!$AJ$5:$AJ$10004)-MIN('Data Entry'!$AJ$5:$AJ$10004)) | AK10013: =IF(COUNT('Data Entry'!$AK$5:$AK$10004)=0,"",MAX('Data Entry'!$AK$5:$AK$10004)-MIN('Data Entry'!$AK$5:$AK$10004)) | AL10013: =IF(COUNT('Data Entry'!$AL$5:$AL$10004)=0,"",MAX('Data Entry'!$AL$5:$AL$10004)-MIN('Data Entry'!$AL$5:$AL$10004)) | AM10013: =IF(COUNT('Data Entry'!$AM$5:$AM$10004)=0,"",MAX('Data Entry'!$AM$5:$AM$10004)-MIN('Data Entry'!$AM$5:$AM$10004)) | AN10013: =IF(COUNT('Data Entry'!$AN$5:$AN$10004)=0,"",MAX('Data Entry'!$AN$5:$AN$10004)-MIN('Data Entry'!$AN$5:$AN$10004)) | AO10013: =IF(COUNT('Data Entry'!$AO$5:$AO$10004)=0,"",MAX('Data Entry'!$AO$5:$AO$10004)-MIN('Data Entry'!$AO$5:$AO$10004)) | AP10013: =IF(COUNT('Data Entry'!$AP$5:$AP$10004)=0,"",MAX('Data Entry'!$AP$5:$AP$10004)-MIN('Data Entry'!$AP$5:$AP$10004)) | AQ10013: =IF(COUNT('Data Entry'!$AQ$5:$AQ$10004)=0,"",MAX('Data Entry'!$AQ$5:$AQ$10004)-MIN('Data Entry'!$AQ$5:$AQ$10004)) | AR10013: =IF(COUNT('Data Entry'!$AR$5:$AR$10004)=0,"",MAX('Data Entry'!$AR$5:$AR$10004)-MIN('Data Entry'!$AR$5:$AR$10004)) | AS10013: =IF(COUNT('Data Entry'!$AS$5:$AS$10004)=0,"",MAX('Data Entry'!$AS$5:$AS$10004)-MIN('Data Entry'!$AS$5:$AS$10004)) | AT10013: =IF(COUNT('Data Entry'!$AT$5:$AT$10004)=0,"",MAX('Data Entry'!$AT$5:$AT$10004)-MIN('Data Entry'!$AT$5:$AT$10004)) | AU10013: =IF(COUNT('Data Entry'!$AU$5:$AU$10004)=0,"",MAX('Data Entry'!$AU$5:$AU$10004)-MIN('Data Entry'!$AU$5:$AU$10004)) | AV10013: =IF(COUNT('Data Entry'!$AV$5:$AV$10004)=0,"",MAX('Data Entry'!$AV$5:$AV$10004)-MIN('Data Entry'!$AV$5:$AV$10004)) | AW10013: =IF(COUNT('Data Entry'!$AW$5:$AW$10004)=0,"",MAX('Data Entry'!$AW$5:$AW$10004)-MIN('Data Entry'!$AW$5:$AW$10004)) | AX10013: =IF(COUNT('Data Entry'!$AX$5:$AX$10004)=0,"",MAX('Data Entry'!$AX$5:$AX$10004)-MIN('Data Entry'!$AX$5:$AX$10004)) | AY10013: =IF(COUNT('Data Entry'!$AY$5:$AY$10004)=0,"",MAX('Data Entry'!$AY$5:$AY$10004)-MIN('Data Entry'!$AY$5:$AY$10004)) | AZ10013: =IF(COUNT('Data Entry'!$AZ$5:$AZ$10004)=0,"",MAX('Data Entry'!$AZ$5:$AZ$10004)-MIN('Data Entry'!$AZ$5:$AZ$10004)) | BA10013: =IF(COUNT('Data Entry'!$BA$5:$BA$10004)=0,"",MAX('Data Entry'!$BA$5:$BA$10004)-MIN('Data Entry'!$BA$5:$BA$10004)) | BB10013: =IF(COUNT('Data Entry'!$BB$5:$BB$10004)=0,"",MAX('Data Entry'!$BB$5:$BB$10004)-MIN('Data Entry'!$BB$5:$BB$10004)) | BC10013: =IF(COUNT('Data Entry'!$BC$5:$BC$10004)=0,"",MAX('Data Entry'!$BC$5:$BC$10004)-MIN('Data Entry'!$BC$5:$BC$10004)) | BD10013: =IF(COUNT('Data Entry'!$BD$5:$BD$10004)=0,"",MAX('Data Entry'!$BD$5:$BD$10004)-MIN('Data Entry'!$BD$5:$BD$10004)) | BE10013: =IF(COUNT('Data Entry'!$BE$5:$BE$10004)=0,"",MAX('Data Entry'!$BE$5:$BE$10004)-MIN('Data Entry'!$BE$5:$BE$10004))
A10014: Std Dev (overall) | H10014: =IF(COUNT('Data Entry'!$H$5:$H$10004)<2,"",STDEV('Data Entry'!$H$5:$H$10004)) | I10014: =IF(COUNT('Data Entry'!$I$5:$I$10004)<2,"",STDEV('Data Entry'!$I$5:$I$10004)) | J10014: =IF(COUNT('Data Entry'!$J$5:$J$10004)<2,"",STDEV('Data Entry'!$J$5:$J$10004)) | K10014: =IF(COUNT('Data Entry'!$K$5:$K$10004)<2,"",STDEV('Data Entry'!$K$5:$K$10004)) | L10014: =IF(COUNT('Data Entry'!$L$5:$L$10004)<2,"",STDEV('Data Entry'!$L$5:$L$10004)) | M10014: =IF(COUNT('Data Entry'!$M$5:$M$10004)<2,"",STDEV('Data Entry'!$M$5:$M$10004)) | N10014: =IF(COUNT('Data Entry'!$N$5:$N$10004)<2,"",STDEV('Data Entry'!$N$5:$N$10004)) | O10014: =IF(COUNT('Data Entry'!$O$5:$O$10004)<2,"",STDEV('Data Entry'!$O$5:$O$10004)) | P10014: =IF(COUNT('Data Entry'!$P$5:$P$10004)<2,"",STDEV('Data Entry'!$P$5:$P$10004)) | Q10014: =IF(COUNT('Data Entry'!$Q$5:$Q$10004)<2,"",STDEV('Data Entry'!$Q$5:$Q$10004)) | R10014: =IF(COUNT('Data Entry'!$R$5:$R$10004)<2,"",STDEV('Data Entry'!$R$5:$R$10004)) | S10014: =IF(COUNT('Data Entry'!$S$5:$S$10004)<2,"",STDEV('Data Entry'!$S$5:$S$10004)) | T10014: =IF(COUNT('Data Entry'!$T$5:$T$10004)<2,"",STDEV('Data Entry'!$T$5:$T$10004)) | U10014: =IF(COUNT('Data Entry'!$U$5:$U$10004)<2,"",STDEV('Data Entry'!$U$5:$U$10004)) | V10014: =IF(COUNT('Data Entry'!$V$5:$V$10004)<2,"",STDEV('Data Entry'!$V$5:$V$10004)) | W10014: =IF(COUNT('Data Entry'!$W$5:$W$10004)<2,"",STDEV('Data Entry'!$W$5:$W$10004)) | X10014: =IF(COUNT('Data Entry'!$X$5:$X$10004)<2,"",STDEV('Data Entry'!$X$5:$X$10004)) | Y10014: =IF(COUNT('Data Entry'!$Y$5:$Y$10004)<2,"",STDEV('Data Entry'!$Y$5:$Y$10004)) | Z10014: =IF(COUNT('Data Entry'!$Z$5:$Z$10004)<2,"",STDEV('Data Entry'!$Z$5:$Z$10004)) | AA10014: =IF(COUNT('Data Entry'!$AA$5:$AA$10004)<2,"",STDEV('Data Entry'!$AA$5:$AA$10004)) | AB10014: =IF(COUNT('Data Entry'!$AB$5:$AB$10004)<2,"",STDEV('Data Entry'!$AB$5:$AB$10004)) | AC10014: =IF(COUNT('Data Entry'!$AC$5:$AC$10004)<2,"",STDEV('Data Entry'!$AC$5:$AC$10004)) | AD10014: =IF(COUNT('Data Entry'!$AD$5:$AD$10004)<2,"",STDEV('Data Entry'!$AD$5:$AD$10004)) | AE10014: =IF(COUNT('Data Entry'!$AE$5:$AE$10004)<2,"",STDEV('Data Entry'!$AE$5:$AE$10004)) | AF10014: =IF(COUNT('Data Entry'!$AF$5:$AF$10004)<2,"",STDEV('Data Entry'!$AF$5:$AF$10004)) | AG10014: =IF(COUNT('Data Entry'!$AG$5:$AG$10004)<2,"",STDEV('Data Entry'!$AG$5:$AG$10004)) | AH10014: =IF(COUNT('Data Entry'!$AH$5:$AH$10004)<2,"",STDEV('Data Entry'!$AH$5:$AH$10004)) | AI10014: =IF(COUNT('Data Entry'!$AI$5:$AI$10004)<2,"",STDEV('Data Entry'!$AI$5:$AI$10004)) | AJ10014: =IF(COUNT('Data Entry'!$AJ$5:$AJ$10004)<2,"",STDEV('Data Entry'!$AJ$5:$AJ$10004)) | AK10014: =IF(COUNT('Data Entry'!$AK$5:$AK$10004)<2,"",STDEV('Data Entry'!$AK$5:$AK$10004)) | AL10014: =IF(COUNT('Data Entry'!$AL$5:$AL$10004)<2,"",STDEV('Data Entry'!$AL$5:$AL$10004)) | AM10014: =IF(COUNT('Data Entry'!$AM$5:$AM$10004)<2,"",STDEV('Data Entry'!$AM$5:$AM$10004)) | AN10014: =IF(COUNT('Data Entry'!$AN$5:$AN$10004)<2,"",STDEV('Data Entry'!$AN$5:$AN$10004)) | AO10014: =IF(COUNT('Data Entry'!$AO$5:$AO$10004)<2,"",STDEV('Data Entry'!$AO$5:$AO$10004)) | AP10014: =IF(COUNT('Data Entry'!$AP$5:$AP$10004)<2,"",STDEV('Data Entry'!$AP$5:$AP$10004)) | AQ10014: =IF(COUNT('Data Entry'!$AQ$5:$AQ$10004)<2,"",STDEV('Data Entry'!$AQ$5:$AQ$10004)) | AR10014: =IF(COUNT('Data Entry'!$AR$5:$AR$10004)<2,"",STDEV('Data Entry'!$AR$5:$AR$10004)) | AS10014: =IF(COUNT('Data Entry'!$AS$5:$AS$10004)<2,"",STDEV('Data Entry'!$AS$5:$AS$10004)) | AT10014: =IF(COUNT('Data Entry'!$AT$5:$AT$10004)<2,"",STDEV('Data Entry'!$AT$5:$AT$10004)) | AU10014: =IF(COUNT('Data Entry'!$AU$5:$AU$10004)<2,"",STDEV('Data Entry'!$AU$5:$AU$10004)) | AV10014: =IF(COUNT('Data Entry'!$AV$5:$AV$10004)<2,"",STDEV('Data Entry'!$AV$5:$AV$10004)) | AW10014: =IF(COUNT('Data Entry'!$AW$5:$AW$10004)<2,"",STDEV('Data Entry'!$AW$5:$AW$10004)) | AX10014: =IF(COUNT('Data Entry'!$AX$5:$AX$10004)<2,"",STDEV('Data Entry'!$AX$5:$AX$10004)) | AY10014: =IF(COUNT('Data Entry'!$AY$5:$AY$10004)<2,"",STDEV('Data Entry'!$AY$5:$AY$10004)) | AZ10014: =IF(COUNT('Data Entry'!$AZ$5:$AZ$10004)<2,"",STDEV('Data Entry'!$AZ$5:$AZ$10004)) | BA10014: =IF(COUNT('Data Entry'!$BA$5:$BA$10004)<2,"",STDEV('Data Entry'!$BA$5:$BA$10004)) | BB10014: =IF(COUNT('Data Entry'!$BB$5:$BB$10004)<2,"",STDEV('Data Entry'!$BB$5:$BB$10004)) | BC10014: =IF(COUNT('Data Entry'!$BC$5:$BC$10004)<2,"",STDEV('Data Entry'!$BC$5:$BC$10004)) | BD10014: =IF(COUNT('Data Entry'!$BD$5:$BD$10004)<2,"",STDEV('Data Entry'!$BD$5:$BD$10004)) | BE10014: =IF(COUNT('Data Entry'!$BE$5:$BE$10004)<2,"",STDEV('Data Entry'!$BE$5:$BE$10004))
A10015: mR-bar | H10015: =IF(COUNT('Data Entry'!$H$5:$H$10004)<2,"",SUMPRODUCT(('Data Entry'!$H$6:$H$10004<>"")*('Data Entry'!$H$5:$H$10003<>"")*ABS('Data Entry'!$H$6:$H$10004-'Data Entry'!$H$5:$H$10003))/MAX(1,SUMPRODUCT(('Data Entry'!$H$6:$H$10004<>"")*('Data Entry'!$H$5:$H$10003<>"")*1))) | I10015: =IF(COUNT('Data Entry'!$I$5:$I$10004)<2,"",SUMPRODUCT(('Data Entry'!$I$6:$I$10004<>"")*('Data Entry'!$I$5:$I$10003<>"")*ABS('Data Entry'!$I$6:$I$10004-'Data Entry'!$I$5:$I$10003))/MAX(1,SUMPRODUCT(('Data Entry'!$I$6:$I$10004<>"")*('Data Entry'!$I$5:$I$10003<>"")*1))) | J10015: =IF(COUNT('Data Entry'!$J$5:$J$10004)<2,"",SUMPRODUCT(('Data Entry'!$J$6:$J$10004<>"")*('Data Entry'!$J$5:$J$10003<>"")*ABS('Data Entry'!$J$6:$J$10004-'Data Entry'!$J$5:$J$10003))/MAX(1,SUMPRODUCT(('Data Entry'!$J$6:$J$10004<>"")*('Data Entry'!$J$5:$J$10003<>"")*1))) | K10015: =IF(COUNT('Data Entry'!$K$5:$K$10004)<2,"",SUMPRODUCT(('Data Entry'!$K$6:$K$10004<>"")*('Data Entry'!$K$5:$K$10003<>"")*ABS('Data Entry'!$K$6:$K$10004-'Data Entry'!$K$5:$K$10003))/MAX(1,SUMPRODUCT(('Data Entry'!$K$6:$K$10004<>"")*('Data Entry'!$K$5:$K$10003<>"")*1))) | L10015: =IF(COUNT('Data Entry'!$L$5:$L$10004)<2,"",SUMPRODUCT(('Data Entry'!$L$6:$L$10004<>"")*('Data Entry'!$L$5:$L$10003<>"")*ABS('Data Entry'!$L$6:$L$10004-'Data Entry'!$L$5:$L$10003))/MAX(1,SUMPRODUCT(('Data Entry'!$L$6:$L$10004<>"")*('Data Entry'!$L$5:$L$10003<>"")*1))) | M10015: =IF(COUNT('Data Entry'!$M$5:$M$10004)<2,"",SUMPRODUCT(('Data Entry'!$M$6:$M$10004<>"")*('Data Entry'!$M$5:$M$10003<>"")*ABS('Data Entry'!$M$6:$M$10004-'Data Entry'!$M$5:$M$10003))/MAX(1,SUMPRODUCT(('Data Entry'!$M$6:$M$10004<>"")*('Data Entry'!$M$5:$M$10003<>"")*1))) | N10015: =IF(COUNT('Data Entry'!$N$5:$N$10004)<2,"",SUMPRODUCT(('Data Entry'!$N$6:$N$10004<>"")*('Data Entry'!$N$5:$N$10003<>"")*ABS('Data Entry'!$N$6:$N$10004-'Data Entry'!$N$5:$N$10003))/MAX(1,SUMPRODUCT(('Data Entry'!$N$6:$N$10004<>"")*('Data Entry'!$N$5:$N$10003<>"")*1))) | O10015: =IF(COUNT('Data Entry'!$O$5:$O$10004)<2,"",SUMPRODUCT(('Data Entry'!$O$6:$O$10004<>"")*('Data Entry'!$O$5:$O$10003<>"")*ABS('Data Entry'!$O$6:$O$10004-'Data Entry'!$O$5:$O$10003))/MAX(1,SUMPRODUCT(('Data Entry'!$O$6:$O$10004<>"")*('Data Entry'!$O$5:$O$10003<>"")*1))) | P10015: =IF(COUNT('Data Entry'!$P$5:$P$10004)<2,"",SUMPRODUCT(('Data Entry'!$P$6:$P$10004<>"")*('Data Entry'!$P$5:$P$10003<>"")*ABS('Data Entry'!$P$6:$P$10004-'Data Entry'!$P$5:$P$10003))/MAX(1,SUMPRODUCT(('Data Entry'!$P$6:$P$10004<>"")*('Data Entry'!$P$5:$P$10003<>"")*1))) | Q10015: =IF(COUNT('Data Entry'!$Q$5:$Q$10004)<2,"",SUMPRODUCT(('Data Entry'!$Q$6:$Q$10004<>"")*('Data Entry'!$Q$5:$Q$10003<>"")*ABS('Data Entry'!$Q$6:$Q$10004-'Data Entry'!$Q$5:$Q$10003))/MAX(1,SUMPRODUCT(('Data Entry'!$Q$6:$Q$10004<>"")*('Data Entry'!$Q$5:$Q$10003<>"")*1))) | R10015: =IF(COUNT('Data Entry'!$R$5:$R$10004)<2,"",SUMPRODUCT(('Data Entry'!$R$6:$R$10004<>"")*('Data Entry'!$R$5:$R$10003<>"")*ABS('Data Entry'!$R$6:$R$10004-'Data Entry'!$R$5:$R$10003))/MAX(1,SUMPRODUCT(('Data Entry'!$R$6:$R$10004<>"")*('Data Entry'!$R$5:$R$10003<>"")*1))) | S10015: =IF(COUNT('Data Entry'!$S$5:$S$10004)<2,"",SUMPRODUCT(('Data Entry'!$S$6:$S$10004<>"")*('Data Entry'!$S$5:$S$10003<>"")*ABS('Data Entry'!$S$6:$S$10004-'Data Entry'!$S$5:$S$10003))/MAX(1,SUMPRODUCT(('Data Entry'!$S$6:$S$10004<>"")*('Data Entry'!$S$5:$S$10003<>"")*1))) | T10015: =IF(COUNT('Data Entry'!$T$5:$T$10004)<2,"",SUMPRODUCT(('Data Entry'!$T$6:$T$10004<>"")*('Data Entry'!$T$5:$T$10003<>"")*ABS('Data Entry'!$T$6:$T$10004-'Data Entry'!$T$5:$T$10003))/MAX(1,SUMPRODUCT(('Data Entry'!$T$6:$T$10004<>"")*('Data Entry'!$T$5:$T$10003<>"")*1))) | U10015: =IF(COUNT('Data Entry'!$U$5:$U$10004)<2,"",SUMPRODUCT(('Data Entry'!$U$6:$U$10004<>"")*('Data Entry'!$U$5:$U$10003<>"")*ABS('Data Entry'!$U$6:$U$10004-'Data Entry'!$U$5:$U$10003))/MAX(1,SUMPRODUCT(('Data Entry'!$U$6:$U$10004<>"")*('Data Entry'!$U$5:$U$10003<>"")*1))) | V10015: =IF(COUNT('Data Entry'!$V$5:$V$10004)<2,"",SUMPRODUCT(('Data Entry'!$V$6:$V$10004<>"")*('Data Entry'!$V$5:$V$10003<>"")*ABS('Data Entry'!$V$6:$V$10004-'Data Entry'!$V$5:$V$10003))/MAX(1,SUMPRODUCT(('Data Entry'!$V$6:$V$10004<>"")*('Data Entry'!$V$5:$V$10003<>"")*1))) | W10015: =IF(COUNT('Data Entry'!$W$5:$W$10004)<2,"",SUMPRODUCT(('Data Entry'!$W$6:$W$10004<>"")*('Data Entry'!$W$5:$W$10003<>"")*ABS('Data Entry'!$W$6:$W$10004-'Data Entry'!$W$5:$W$10003))/MAX(1,SUMPRODUCT(('Data Entry'!$W$6:$W$10004<>"")*('Data Entry'!$W$5:$W$10003<>"")*1))) | X10015: =IF(COUNT('Data Entry'!$X$5:$X$10004)<2,"",SUMPRODUCT(('Data Entry'!$X$6:$X$10004<>"")*('Data Entry'!$X$5:$X$10003<>"")*ABS('Data Entry'!$X$6:$X$10004-'Data Entry'!$X$5:$X$10003))/MAX(1,SUMPRODUCT(('Data Entry'!$X$6:$X$10004<>"")*('Data Entry'!$X$5:$X$10003<>"")*1))) | Y10015: =IF(COUNT('Data Entry'!$Y$5:$Y$10004)<2,"",SUMPRODUCT(('Data Entry'!$Y$6:$Y$10004<>"")*('Data Entry'!$Y$5:$Y$10003<>"")*ABS('Data Entry'!$Y$6:$Y$10004-'Data Entry'!$Y$5:$Y$10003))/MAX(1,SUMPRODUCT(('Data Entry'!$Y$6:$Y$10004<>"")*('Data Entry'!$Y$5:$Y$10003<>"")*1))) | Z10015: =IF(COUNT('Data Entry'!$Z$5:$Z$10004)<2,"",SUMPRODUCT(('Data Entry'!$Z$6:$Z$10004<>"")*('Data Entry'!$Z$5:$Z$10003<>"")*ABS('Data Entry'!$Z$6:$Z$10004-'Data Entry'!$Z$5:$Z$10003))/MAX(1,SUMPRODUCT(('Data Entry'!$Z$6:$Z$10004<>"")*('Data Entry'!$Z$5:$Z$10003<>"")*1))) | AA10015: =IF(COUNT('Data Entry'!$AA$5:$AA$10004)<2,"",SUMPRODUCT(('Data Entry'!$AA$6:$AA$10004<>"")*('Data Entry'!$AA$5:$AA$10003<>"")*ABS('Data Entry'!$AA$6:$AA$10004-'Data Entry'!$AA$5:$AA$10003))/MAX(1,SUMPRODUCT(('Data Entry'!$AA$6:$AA$10004<>"")*('Data Entry'!$AA$5:$AA$10003<>"")*1))) | AB10015: =IF(COUNT('Data Entry'!$AB$5:$AB$10004)<2,"",SUMPRODUCT(('Data Entry'!$AB$6:$AB$10004<>"")*('Data Entry'!$AB$5:$AB$10003<>"")*ABS('Data Entry'!$AB$6:$AB$10004-'Data Entry'!$AB$5:$AB$10003))/MAX(1,SUMPRODUCT(('Data Entry'!$AB$6:$AB$10004<>"")*('Data Entry'!$AB$5:$AB$10003<>"")*1))) | AC10015: =IF(COUNT('Data Entry'!$AC$5:$AC$10004)<2,"",SUMPRODUCT(('Data Entry'!$AC$6:$AC$10004<>"")*('Data Entry'!$AC$5:$AC$10003<>"")*ABS('Data Entry'!$AC$6:$AC$10004-'Data Entry'!$AC$5:$AC$10003))/MAX(1,SUMPRODUCT(('Data Entry'!$AC$6:$AC$10004<>"")*('Data Entry'!$AC$5:$AC$10003<>"")*1))) | AD10015: =IF(COUNT('Data Entry'!$AD$5:$AD$10004)<2,"",SUMPRODUCT(('Data Entry'!$AD$6:$AD$10004<>"")*('Data Entry'!$AD$5:$AD$10003<>"")*ABS('Data Entry'!$AD$6:$AD$10004-'Data Entry'!$AD$5:$AD$10003))/MAX(1,SUMPRODUCT(('Data Entry'!$AD$6:$AD$10004<>"")*('Data Entry'!$AD$5:$AD$10003<>"")*1))) | AE10015: =IF(COUNT('Data Entry'!$AE$5:$AE$10004)<2,"",SUMPRODUCT(('Data Entry'!$AE$6:$AE$10004<>"")*('Data Entry'!$AE$5:$AE$10003<>"")*ABS('Data Entry'!$AE$6:$AE$10004-'Data Entry'!$AE$5:$AE$10003))/MAX(1,SUMPRODUCT(('Data Entry'!$AE$6:$AE$10004<>"")*('Data Entry'!$AE$5:$AE$10003<>"")*1))) | AF10015: =IF(COUNT('Data Entry'!$AF$5:$AF$10004)<2,"",SUMPRODUCT(('Data Entry'!$AF$6:$AF$10004<>"")*('Data Entry'!$AF$5:$AF$10003<>"")*ABS('Data Entry'!$AF$6:$AF$10004-'Data Entry'!$AF$5:$AF$10003))/MAX(1,SUMPRODUCT(('Data Entry'!$AF$6:$AF$10004<>"")*('Data Entry'!$AF$5:$AF$10003<>"")*1))) | AG10015: =IF(COUNT('Data Entry'!$AG$5:$AG$10004)<2,"",SUMPRODUCT(('Data Entry'!$AG$6:$AG$10004<>"")*('Data Entry'!$AG$5:$AG$10003<>"")*ABS('Data Entry'!$AG$6:$AG$10004-'Data Entry'!$AG$5:$AG$10003))/MAX(1,SUMPRODUCT(('Data Entry'!$AG$6:$AG$10004<>"")*('Data Entry'!$AG$5:$AG$10003<>"")*1))) | AH10015: =IF(COUNT('Data Entry'!$AH$5:$AH$10004)<2,"",SUMPRODUCT(('Data Entry'!$AH$6:$AH$10004<>"")*('Data Entry'!$AH$5:$AH$10003<>"")*ABS('Data Entry'!$AH$6:$AH$10004-'Data Entry'!$AH$5:$AH$10003))/MAX(1,SUMPRODUCT(('Data Entry'!$AH$6:$AH$10004<>"")*('Data Entry'!$AH$5:$AH$10003<>"")*1))) | AI10015: =IF(COUNT('Data Entry'!$AI$5:$AI$10004)<2,"",SUMPRODUCT(('Data Entry'!$AI$6:$AI$10004<>"")*('Data Entry'!$AI$5:$AI$10003<>"")*ABS('Data Entry'!$AI$6:$AI$10004-'Data Entry'!$AI$5:$AI$10003))/MAX(1,SUMPRODUCT(('Data Entry'!$AI$6:$AI$10004<>"")*('Data Entry'!$AI$5:$AI$10003<>"")*1))) | AJ10015: =IF(COUNT('Data Entry'!$AJ$5:$AJ$10004)<2,"",SUMPRODUCT(('Data Entry'!$AJ$6:$AJ$10004<>"")*('Data Entry'!$AJ$5:$AJ$10003<>"")*ABS('Data Entry'!$AJ$6:$AJ$10004-'Data Entry'!$AJ$5:$AJ$10003))/MAX(1,SUMPRODUCT(('Data Entry'!$AJ$6:$AJ$10004<>"")*('Data Entry'!$AJ$5:$AJ$10003<>"")*1))) | AK10015: =IF(COUNT('Data Entry'!$AK$5:$AK$10004)<2,"",SUMPRODUCT(('Data Entry'!$AK$6:$AK$10004<>"")*('Data Entry'!$AK$5:$AK$10003<>"")*ABS('Data Entry'!$AK$6:$AK$10004-'Data Entry'!$AK$5:$AK$10003))/MAX(1,SUMPRODUCT(('Data Entry'!$AK$6:$AK$10004<>"")*('Data Entry'!$AK$5:$AK$10003<>"")*1))) | AL10015: =IF(COUNT('Data Entry'!$AL$5:$AL$10004)<2,"",SUMPRODUCT(('Data Entry'!$AL$6:$AL$10004<>"")*('Data Entry'!$AL$5:$AL$10003<>"")*ABS('Data Entry'!$AL$6:$AL$10004-'Data Entry'!$AL$5:$AL$10003))/MAX(1,SUMPRODUCT(('Data Entry'!$AL$6:$AL$10004<>"")*('Data Entry'!$AL$5:$AL$10003<>"")*1))) | AM10015: =IF(COUNT('Data Entry'!$AM$5:$AM$10004)<2,"",SUMPRODUCT(('Data Entry'!$AM$6:$AM$10004<>"")*('Data Entry'!$AM$5:$AM$10003<>"")*ABS('Data Entry'!$AM$6:$AM$10004-'Data Entry'!$AM$5:$AM$10003))/MAX(1,SUMPRODUCT(('Data Entry'!$AM$6:$AM$10004<>"")*('Data Entry'!$AM$5:$AM$10003<>"")*1))) | AN10015: =IF(COUNT('Data Entry'!$AN$5:$AN$10004)<2,"",SUMPRODUCT(('Data Entry'!$AN$6:$AN$10004<>"")*('Data Entry'!$AN$5:$AN$10003<>"")*ABS('Data Entry'!$AN$6:$AN$10004-'Data Entry'!$AN$5:$AN$10003))/MAX(1,SUMPRODUCT(('Data Entry'!$AN$6:$AN$10004<>"")*('Data Entry'!$AN$5:$AN$10003<>"")*1))) | AO10015: =IF(COUNT('Data Entry'!$AO$5:$AO$10004)<2,"",SUMPRODUCT(('Data Entry'!$AO$6:$AO$10004<>"")*('Data Entry'!$AO$5:$AO$10003<>"")*ABS('Data Entry'!$AO$6:$AO$10004-'Data Entry'!$AO$5:$AO$10003))/MAX(1,SUMPRODUCT(('Data Entry'!$AO$6:$AO$10004<>"")*('Data Entry'!$AO$5:$AO$10003<>"")*1))) | AP10015: =IF(COUNT('Data Entry'!$AP$5:$AP$10004)<2,"",SUMPRODUCT(('Data Entry'!$AP$6:$AP$10004<>"")*('Data Entry'!$AP$5:$AP$10003<>"")*ABS('Data Entry'!$AP$6:$AP$10004-'Data Entry'!$AP$5:$AP$10003))/MAX(1,SUMPRODUCT(('Data Entry'!$AP$6:$AP$10004<>"")*('Data Entry'!$AP$5:$AP$10003<>"")*1))) | AQ10015: =IF(COUNT('Data Entry'!$AQ$5:$AQ$10004)<2,"",SUMPRODUCT(('Data Entry'!$AQ$6:$AQ$10004<>"")*('Data Entry'!$AQ$5:$AQ$10003<>"")*ABS('Data Entry'!$AQ$6:$AQ$10004-'Data Entry'!$AQ$5:$AQ$10003))/MAX(1,SUMPRODUCT(('Data Entry'!$AQ$6:$AQ$10004<>"")*('Data Entry'!$AQ$5:$AQ$10003<>"")*1))) | AR10015: =IF(COUNT('Data Entry'!$AR$5:$AR$10004)<2,"",SUMPRODUCT(('Data Entry'!$AR$6:$AR$10004<>"")*('Data Entry'!$AR$5:$AR$10003<>"")*ABS('Data Entry'!$AR$6:$AR$10004-'Data Entry'!$AR$5:$AR$10003))/MAX(1,SUMPRODUCT(('Data Entry'!$AR$6:$AR$10004<>"")*('Data Entry'!$AR$5:$AR$10003<>"")*1))) | AS10015: =IF(COUNT('Data Entry'!$AS$5:$AS$10004)<2,"",SUMPRODUCT(('Data Entry'!$AS$6:$AS$10004<>"")*('Data Entry'!$AS$5:$AS$10003<>"")*ABS('Data Entry'!$AS$6:$AS$10004-'Data Entry'!$AS$5:$AS$10003))/MAX(1,SUMPRODUCT(('Data Entry'!$AS$6:$AS$10004<>"")*('Data Entry'!$AS$5:$AS$10003<>"")*1))) | AT10015: =IF(COUNT('Data Entry'!$AT$5:$AT$10004)<2,"",SUMPRODUCT(('Data Entry'!$AT$6:$AT$10004<>"")*('Data Entry'!$AT$5:$AT$10003<>"")*ABS('Data Entry'!$AT$6:$AT$10004-'Data Entry'!$AT$5:$AT$10003))/MAX(1,SUMPRODUCT(('Data Entry'!$AT$6:$AT$10004<>"")*('Data Entry'!$AT$5:$AT$10003<>"")*1))) | AU10015: =IF(COUNT('Data Entry'!$AU$5:$AU$10004)<2,"",SUMPRODUCT(('Data Entry'!$AU$6:$AU$10004<>"")*('Data Entry'!$AU$5:$AU$10003<>"")*ABS('Data Entry'!$AU$6:$AU$10004-'Data Entry'!$AU$5:$AU$10003))/MAX(1,SUMPRODUCT(('Data Entry'!$AU$6:$AU$10004<>"")*('Data Entry'!$AU$5:$AU$10003<>"")*1))) | AV10015: =IF(COUNT('Data Entry'!$AV$5:$AV$10004)<2,"",SUMPRODUCT(('Data Entry'!$AV$6:$AV$10004<>"")*('Data Entry'!$AV$5:$AV$10003<>"")*ABS('Data Entry'!$AV$6:$AV$10004-'Data Entry'!$AV$5:$AV$10003))/MAX(1,SUMPRODUCT(('Data Entry'!$AV$6:$AV$10004<>"")*('Data Entry'!$AV$5:$AV$10003<>"")*1))) | AW10015: =IF(COUNT('Data Entry'!$AW$5:$AW$10004)<2,"",SUMPRODUCT(('Data Entry'!$AW$6:$AW$10004<>"")*('Data Entry'!$AW$5:$AW$10003<>"")*ABS('Data Entry'!$AW$6:$AW$10004-'Data Entry'!$AW$5:$AW$10003))/MAX(1,SUMPRODUCT(('Data Entry'!$AW$6:$AW$10004<>"")*('Data Entry'!$AW$5:$AW$10003<>"")*1))) | AX10015: =IF(COUNT('Data Entry'!$AX$5:$AX$10004)<2,"",SUMPRODUCT(('Data Entry'!$AX$6:$AX$10004<>"")*('Data Entry'!$AX$5:$AX$10003<>"")*ABS('Data Entry'!$AX$6:$AX$10004-'Data Entry'!$AX$5:$AX$10003))/MAX(1,SUMPRODUCT(('Data Entry'!$AX$6:$AX$10004<>"")*('Data Entry'!$AX$5:$AX$10003<>"")*1))) | AY10015: =IF(COUNT('Data Entry'!$AY$5:$AY$10004)<2,"",SUMPRODUCT(('Data Entry'!$AY$6:$AY$10004<>"")*('Data Entry'!$AY$5:$AY$10003<>"")*ABS('Data Entry'!$AY$6:$AY$10004-'Data Entry'!$AY$5:$AY$10003))/MAX(1,SUMPRODUCT(('Data Entry'!$AY$6:$AY$10004<>"")*('Data Entry'!$AY$5:$AY$10003<>"")*1))) | AZ10015: =IF(COUNT('Data Entry'!$AZ$5:$AZ$10004)<2,"",SUMPRODUCT(('Data Entry'!$AZ$6:$AZ$10004<>"")*('Data Entry'!$AZ$5:$AZ$10003<>"")*ABS('Data Entry'!$AZ$6:$AZ$10004-'Data Entry'!$AZ$5:$AZ$10003))/MAX(1,SUMPRODUCT(('Data Entry'!$AZ$6:$AZ$10004<>"")*('Data Entry'!$AZ$5:$AZ$10003<>"")*1))) | BA10015: =IF(COUNT('Data Entry'!$BA$5:$BA$10004)<2,"",SUMPRODUCT(('Data Entry'!$BA$6:$BA$10004<>"")*('Data Entry'!$BA$5:$BA$10003<>"")*ABS('Data Entry'!$BA$6:$BA$10004-'Data Entry'!$BA$5:$BA$10003))/MAX(1,SUMPRODUCT(('Data Entry'!$BA$6:$BA$10004<>"")*('Data Entry'!$BA$5:$BA$10003<>"")*1))) | BB10015: =IF(COUNT('Data Entry'!$BB$5:$BB$10004)<2,"",SUMPRODUCT(('Data Entry'!$BB$6:$BB$10004<>"")*('Data Entry'!$BB$5:$BB$10003<>"")*ABS('Data Entry'!$BB$6:$BB$10004-'Data Entry'!$BB$5:$BB$10003))/MAX(1,SUMPRODUCT(('Data Entry'!$BB$6:$BB$10004<>"")*('Data Entry'!$BB$5:$BB$10003<>"")*1))) | BC10015: =IF(COUNT('Data Entry'!$BC$5:$BC$10004)<2,"",SUMPRODUCT(('Data Entry'!$BC$6:$BC$10004<>"")*('Data Entry'!$BC$5:$BC$10003<>"")*ABS('Data Entry'!$BC$6:$BC$10004-'Data Entry'!$BC$5:$BC$10003))/MAX(1,SUMPRODUCT(('Data Entry'!$BC$6:$BC$10004<>"")*('Data Entry'!$BC$5:$BC$10003<>"")*1))) | BD10015: =IF(COUNT('Data Entry'!$BD$5:$BD$10004)<2,"",SUMPRODUCT(('Data Entry'!$BD$6:$BD$10004<>"")*('Data Entry'!$BD$5:$BD$10003<>"")*ABS('Data Entry'!$BD$6:$BD$10004-'Data Entry'!$BD$5:$BD$10003))/MAX(1,SUMPRODUCT(('Data Entry'!$BD$6:$BD$10004<>"")*('Data Entry'!$BD$5:$BD$10003<>"")*1))) | BE10015: =IF(COUNT('Data Entry'!$BE$5:$BE$10004)<2,"",SUMPRODUCT(('Data Entry'!$BE$6:$BE$10004<>"")*('Data Entry'!$BE$5:$BE$10003<>"")*ABS('Data Entry'!$BE$6:$BE$10004-'Data Entry'!$BE$5:$BE$10003))/MAX(1,SUMPRODUCT(('Data Entry'!$BE$6:$BE$10004<>"")*('Data Entry'!$BE$5:$BE$10003<>"")*1)))
A10016: Sigma (within) | H10016: =IF(H10015="","",H10015/1.128) | I10016: =IF(I10015="","",I10015/1.128) | J10016: =IF(J10015="","",J10015/1.128) | K10016: =IF(K10015="","",K10015/1.128) | L10016: =IF(L10015="","",L10015/1.128) | M10016: =IF(M10015="","",M10015/1.128) | N10016: =IF(N10015="","",N10015/1.128) | O10016: =IF(O10015="","",O10015/1.128) | ... BE10016: =IF(BE10015="","",BE10015/1.128)
A10017: UCL (X) | H10017: =IF(H10015="","",H10010+2.66*H10015) | I10017: =IF(I10015="","",I10010+2.66*I10015) | J10017: =IF(J10015="","",J10010+2.66*J10015) | K10017: =IF(K10015="","",K10010+2.66*K10015) | L10017: =IF(L10015="","",L10010+2.66*L10015) | M10017: =IF(M10015="","",M10010+2.66*M10015) | N10017: =IF(N10015="","",N10010+2.66*N10015) | O10017: =IF(O10015="","",O10010+2.66*O10015) | ... BE10017: =IF(BE10015="","",BE10010+2.66*BE10015)
A10018: CL (X) | H10018: =IF(H10010="","",H10010) | I10018: =IF(I10010="","",I10010) | J10018: =IF(J10010="","",J10010) | K10018: =IF(K10010="","",K10010) | L10018: =IF(L10010="","",L10010) | M10018: =IF(M10010="","",M10010) | N10018: =IF(N10010="","",N10010) | O10018: =IF(O10010="","",O10010) | ... BE10018: =IF(BE10010="","",BE10010)
A10019: LCL (X) | H10019: =IF(H10015="","",H10010-2.66*H10015) | I10019: =IF(I10015="","",I10010-2.66*I10015) | J10019: =IF(J10015="","",J10010-2.66*J10015) | K10019: =IF(K10015="","",K10010-2.66*K10015) | L10019: =IF(L10015="","",L10010-2.66*L10015) | M10019: =IF(M10015="","",M10010-2.66*M10015) | N10019: =IF(N10015="","",N10010-2.66*N10015) | O10019: =IF(O10015="","",O10010-2.66*O10015) | ... BE10019: =IF(BE10015="","",BE10010-2.66*BE10015)
A10020: UCL (mR) | H10020: =IF(H10015="","",3.267*H10015) | I10020: =IF(I10015="","",3.267*I10015) | J10020: =IF(J10015="","",3.267*J10015) | K10020: =IF(K10015="","",3.267*K10015) | L10020: =IF(L10015="","",3.267*L10015) | M10020: =IF(M10015="","",3.267*M10015) | N10020: =IF(N10015="","",3.267*N10015) | O10020: =IF(O10015="","",3.267*O10015) | ... BE10020: =IF(BE10015="","",3.267*BE10015)
A10021: Median | H10021: =IF(COUNT('Data Entry'!$H$5:$H$10004)=0,"",MEDIAN('Data Entry'!$H$5:$H$10004)) | I10021: =IF(COUNT('Data Entry'!$I$5:$I$10004)=0,"",MEDIAN('Data Entry'!$I$5:$I$10004)) | J10021: =IF(COUNT('Data Entry'!$J$5:$J$10004)=0,"",MEDIAN('Data Entry'!$J$5:$J$10004)) | K10021: =IF(COUNT('Data Entry'!$K$5:$K$10004)=0,"",MEDIAN('Data Entry'!$K$5:$K$10004)) | L10021: =IF(COUNT('Data Entry'!$L$5:$L$10004)=0,"",MEDIAN('Data Entry'!$L$5:$L$10004)) | M10021: =IF(COUNT('Data Entry'!$M$5:$M$10004)=0,"",MEDIAN('Data Entry'!$M$5:$M$10004)) | N10021: =IF(COUNT('Data Entry'!$N$5:$N$10004)=0,"",MEDIAN('Data Entry'!$N$5:$N$10004)) | O10021: =IF(COUNT('Data Entry'!$O$5:$O$10004)=0,"",MEDIAN('Data Entry'!$O$5:$O$10004)) | P10021: =IF(COUNT('Data Entry'!$P$5:$P$10004)=0,"",MEDIAN('Data Entry'!$P$5:$P$10004)) | Q10021: =IF(COUNT('Data Entry'!$Q$5:$Q$10004)=0,"",MEDIAN('Data Entry'!$Q$5:$Q$10004)) | R10021: =IF(COUNT('Data Entry'!$R$5:$R$10004)=0,"",MEDIAN('Data Entry'!$R$5:$R$10004)) | S10021: =IF(COUNT('Data Entry'!$S$5:$S$10004)=0,"",MEDIAN('Data Entry'!$S$5:$S$10004)) | T10021: =IF(COUNT('Data Entry'!$T$5:$T$10004)=0,"",MEDIAN('Data Entry'!$T$5:$T$10004)) | U10021: =IF(COUNT('Data Entry'!$U$5:$U$10004)=0,"",MEDIAN('Data Entry'!$U$5:$U$10004)) | V10021: =IF(COUNT('Data Entry'!$V$5:$V$10004)=0,"",MEDIAN('Data Entry'!$V$5:$V$10004)) | W10021: =IF(COUNT('Data Entry'!$W$5:$W$10004)=0,"",MEDIAN('Data Entry'!$W$5:$W$10004)) | X10021: =IF(COUNT('Data Entry'!$X$5:$X$10004)=0,"",MEDIAN('Data Entry'!$X$5:$X$10004)) | Y10021: =IF(COUNT('Data Entry'!$Y$5:$Y$10004)=0,"",MEDIAN('Data Entry'!$Y$5:$Y$10004)) | Z10021: =IF(COUNT('Data Entry'!$Z$5:$Z$10004)=0,"",MEDIAN('Data Entry'!$Z$5:$Z$10004)) | AA10021: =IF(COUNT('Data Entry'!$AA$5:$AA$10004)=0,"",MEDIAN('Data Entry'!$AA$5:$AA$10004)) | AB10021: =IF(COUNT('Data Entry'!$AB$5:$AB$10004)=0,"",MEDIAN('Data Entry'!$AB$5:$AB$10004)) | AC10021: =IF(COUNT('Data Entry'!$AC$5:$AC$10004)=0,"",MEDIAN('Data Entry'!$AC$5:$AC$10004)) | AD10021: =IF(COUNT('Data Entry'!$AD$5:$AD$10004)=0,"",MEDIAN('Data Entry'!$AD$5:$AD$10004)) | AE10021: =IF(COUNT('Data Entry'!$AE$5:$AE$10004)=0,"",MEDIAN('Data Entry'!$AE$5:$AE$10004)) | AF10021: =IF(COUNT('Data Entry'!$AF$5:$AF$10004)=0,"",MEDIAN('Data Entry'!$AF$5:$AF$10004)) | AG10021: =IF(COUNT('Data Entry'!$AG$5:$AG$10004)=0,"",MEDIAN('Data Entry'!$AG$5:$AG$10004)) | AH10021: =IF(COUNT('Data Entry'!$AH$5:$AH$10004)=0,"",MEDIAN('Data Entry'!$AH$5:$AH$10004)) | AI10021: =IF(COUNT('Data Entry'!$AI$5:$AI$10004)=0,"",MEDIAN('Data Entry'!$AI$5:$AI$10004)) | AJ10021: =IF(COUNT('Data Entry'!$AJ$5:$AJ$10004)=0,"",MEDIAN('Data Entry'!$AJ$5:$AJ$10004)) | AK10021: =IF(COUNT('Data Entry'!$AK$5:$AK$10004)=0,"",MEDIAN('Data Entry'!$AK$5:$AK$10004)) | AL10021: =IF(COUNT('Data Entry'!$AL$5:$AL$10004)=0,"",MEDIAN('Data Entry'!$AL$5:$AL$10004)) | AM10021: =IF(COUNT('Data Entry'!$AM$5:$AM$10004)=0,"",MEDIAN('Data Entry'!$AM$5:$AM$10004)) | AN10021: =IF(COUNT('Data Entry'!$AN$5:$AN$10004)=0,"",MEDIAN('Data Entry'!$AN$5:$AN$10004)) | AO10021: =IF(COUNT('Data Entry'!$AO$5:$AO$10004)=0,"",MEDIAN('Data Entry'!$AO$5:$AO$10004)) | AP10021: =IF(COUNT('Data Entry'!$AP$5:$AP$10004)=0,"",MEDIAN('Data Entry'!$AP$5:$AP$10004)) | AQ10021: =IF(COUNT('Data Entry'!$AQ$5:$AQ$10004)=0,"",MEDIAN('Data Entry'!$AQ$5:$AQ$10004)) | AR10021: =IF(COUNT('Data Entry'!$AR$5:$AR$10004)=0,"",MEDIAN('Data Entry'!$AR$5:$AR$10004)) | AS10021: =IF(COUNT('Data Entry'!$AS$5:$AS$10004)=0,"",MEDIAN('Data Entry'!$AS$5:$AS$10004)) | AT10021: =IF(COUNT('Data Entry'!$AT$5:$AT$10004)=0,"",MEDIAN('Data Entry'!$AT$5:$AT$10004)) | AU10021: =IF(COUNT('Data Entry'!$AU$5:$AU$10004)=0,"",MEDIAN('Data Entry'!$AU$5:$AU$10004)) | AV10021: =IF(COUNT('Data Entry'!$AV$5:$AV$10004)=0,"",MEDIAN('Data Entry'!$AV$5:$AV$10004)) | AW10021: =IF(COUNT('Data Entry'!$AW$5:$AW$10004)=0,"",MEDIAN('Data Entry'!$AW$5:$AW$10004)) | AX10021: =IF(COUNT('Data Entry'!$AX$5:$AX$10004)=0,"",MEDIAN('Data Entry'!$AX$5:$AX$10004)) | AY10021: =IF(COUNT('Data Entry'!$AY$5:$AY$10004)=0,"",MEDIAN('Data Entry'!$AY$5:$AY$10004)) | AZ10021: =IF(COUNT('Data Entry'!$AZ$5:$AZ$10004)=0,"",MEDIAN('Data Entry'!$AZ$5:$AZ$10004)) | BA10021: =IF(COUNT('Data Entry'!$BA$5:$BA$10004)=0,"",MEDIAN('Data Entry'!$BA$5:$BA$10004)) | BB10021: =IF(COUNT('Data Entry'!$BB$5:$BB$10004)=0,"",MEDIAN('Data Entry'!$BB$5:$BB$10004)) | BC10021: =IF(COUNT('Data Entry'!$BC$5:$BC$10004)=0,"",MEDIAN('Data Entry'!$BC$5:$BC$10004)) | BD10021: =IF(COUNT('Data Entry'!$BD$5:$BD$10004)=0,"",MEDIAN('Data Entry'!$BD$5:$BD$10004)) | BE10021: =IF(COUNT('Data Entry'!$BE$5:$BE$10004)=0,"",MEDIAN('Data Entry'!$BE$5:$BE$10004))
A10022: Last data row | H10022: =IFERROR(MATCH(9.99999999999999E+307,'Data Entry'!$H$5:$H$10004)+4,4) | I10022: =IFERROR(MATCH(9.99999999999999E+307,'Data Entry'!$I$5:$I$10004)+4,4) | J10022: =IFERROR(MATCH(9.99999999999999E+307,'Data Entry'!$J$5:$J$10004)+4,4) | K10022: =IFERROR(MATCH(9.99999999999999E+307,'Data Entry'!$K$5:$K$10004)+4,4) | L10022: =IFERROR(MATCH(9.99999999999999E+307,'Data Entry'!$L$5:$L$10004)+4,4) | M10022: =IFERROR(MATCH(9.99999999999999E+307,'Data Entry'!$M$5:$M$10004)+4,4) | N10022: =IFERROR(MATCH(9.99999999999999E+307,'Data Entry'!$N$5:$N$10004)+4,4) | O10022: =IFERROR(MATCH(9.99999999999999E+307,'Data Entry'!$O$5:$O$10004)+4,4) | P10022: =IFERROR(MATCH(9.99999999999999E+307,'Data Entry'!$P$5:$P$10004)+4,4) | Q10022: =IFERROR(MATCH(9.99999999999999E+307,'Data Entry'!$Q$5:$Q$10004)+4,4) | R10022: =IFERROR(MATCH(9.99999999999999E+307,'Data Entry'!$R$5:$R$10004)+4,4) | S10022: =IFERROR(MATCH(9.99999999999999E+307,'Data Entry'!$S$5:$S$10004)+4,4) | T10022: =IFERROR(MATCH(9.99999999999999E+307,'Data Entry'!$T$5:$T$10004)+4,4) | U10022: =IFERROR(MATCH(9.99999999999999E+307,'Data Entry'!$U$5:$U$10004)+4,4) | V10022: =IFERROR(MATCH(9.99999999999999E+307,'Data Entry'!$V$5:$V$10004)+4,4) | W10022: =IFERROR(MATCH(9.99999999999999E+307,'Data Entry'!$W$5:$W$10004)+4,4) | X10022: =IFERROR(MATCH(9.99999999999999E+307,'Data Entry'!$X$5:$X$10004)+4,4) | Y10022: =IFERROR(MATCH(9.99999999999999E+307,'Data Entry'!$Y$5:$Y$10004)+4,4) | Z10022: =IFERROR(MATCH(9.99999999999999E+307,'Data Entry'!$Z$5:$Z$10004)+4,4) | AA10022: =IFERROR(MATCH(9.99999999999999E+307,'Data Entry'!$AA$5:$AA$10004)+4,4) | AB10022: =IFERROR(MATCH(9.99999999999999E+307,'Data Entry'!$AB$5:$AB$10004)+4,4) | AC10022: =IFERROR(MATCH(9.99999999999999E+307,'Data Entry'!$AC$5:$AC$10004)+4,4) | AD10022: =IFERROR(MATCH(9.99999999999999E+307,'Data Entry'!$AD$5:$AD$10004)+4,4) | AE10022: =IFERROR(MATCH(9.99999999999999E+307,'Data Entry'!$AE$5:$AE$10004)+4,4) | AF10022: =IFERROR(MATCH(9.99999999999999E+307,'Data Entry'!$AF$5:$AF$10004)+4,4) | AG10022: =IFERROR(MATCH(9.99999999999999E+307,'Data Entry'!$AG$5:$AG$10004)+4,4) | AH10022: =IFERROR(MATCH(9.99999999999999E+307,'Data Entry'!$AH$5:$AH$10004)+4,4) | AI10022: =IFERROR(MATCH(9.99999999999999E+307,'Data Entry'!$AI$5:$AI$10004)+4,4) | AJ10022: =IFERROR(MATCH(9.99999999999999E+307,'Data Entry'!$AJ$5:$AJ$10004)+4,4) | AK10022: =IFERROR(MATCH(9.99999999999999E+307,'Data Entry'!$AK$5:$AK$10004)+4,4) | AL10022: =IFERROR(MATCH(9.99999999999999E+307,'Data Entry'!$AL$5:$AL$10004)+4,4) | AM10022: =IFERROR(MATCH(9.99999999999999E+307,'Data Entry'!$AM$5:$AM$10004)+4,4) | AN10022: =IFERROR(MATCH(9.99999999999999E+307,'Data Entry'!$AN$5:$AN$10004)+4,4) | AO10022: =IFERROR(MATCH(9.99999999999999E+307,'Data Entry'!$AO$5:$AO$10004)+4,4) | AP10022: =IFERROR(MATCH(9.99999999999999E+307,'Data Entry'!$AP$5:$AP$10004)+4,4) | AQ10022: =IFERROR(MATCH(9.99999999999999E+307,'Data Entry'!$AQ$5:$AQ$10004)+4,4) | AR10022: =IFERROR(MATCH(9.99999999999999E+307,'Data Entry'!$AR$5:$AR$10004)+4,4) | AS10022: =IFERROR(MATCH(9.99999999999999E+307,'Data Entry'!$AS$5:$AS$10004)+4,4) | AT10022: =IFERROR(MATCH(9.99999999999999E+307,'Data Entry'!$AT$5:$AT$10004)+4,4) | AU10022: =IFERROR(MATCH(9.99999999999999E+307,'Data Entry'!$AU$5:$AU$10004)+4,4) | AV10022: =IFERROR(MATCH(9.99999999999999E+307,'Data Entry'!$AV$5:$AV$10004)+4,4) | AW10022: =IFERROR(MATCH(9.99999999999999E+307,'Data Entry'!$AW$5:$AW$10004)+4,4) | AX10022: =IFERROR(MATCH(9.99999999999999E+307,'Data Entry'!$AX$5:$AX$10004)+4,4) | AY10022: =IFERROR(MATCH(9.99999999999999E+307,'Data Entry'!$AY$5:$AY$10004)+4,4) | AZ10022: =IFERROR(MATCH(9.99999999999999E+307,'Data Entry'!$AZ$5:$AZ$10004)+4,4) | BA10022: =IFERROR(MATCH(9.99999999999999E+307,'Data Entry'!$BA$5:$BA$10004)+4,4) | BB10022: =IFERROR(MATCH(9.99999999999999E+307,'Data Entry'!$BB$5:$BB$10004)+4,4) | BC10022: =IFERROR(MATCH(9.99999999999999E+307,'Data Entry'!$BC$5:$BC$10004)+4,4) | BD10022: =IFERROR(MATCH(9.99999999999999E+307,'Data Entry'!$BD$5:$BD$10004)+4,4) | BE10022: =IFERROR(MATCH(9.99999999999999E+307,'Data Entry'!$BE$5:$BE$10004)+4,4)

Sheet Data Collection Form
A1: SPC DATA COLLECTION SHEET | L1: ="Doc: "&Settings!B9&" Rev "&Settings!B10
A2: =Settings!B8
A4: Part No.: | H4: Operation:
A5: Machine / Cell: | H5: Gauge ID:
A6: Operator: | H6: Shift:
A7: Date: | H7: Sample frequency:
A9: CHARACTERISTICS
A10: Characteristic | D10: =IF(Settings!B17="","-",Settings!B17) | E10: =IF(Settings!B18="","-",Settings!B18) | F10: =IF(Settings!B19="","-",Settings!B19) | G10: =IF(Settings!B20="","-",Settings!B20) | H10: =IF(Settings!B21="","-",Settings!B21) | I10: =IF(Settings!B22="","-",Settings!B22) | J10: =IF(Settings!B23="","-",Settings!B23) | K10: =IF(Settings!B24="","-",Settings!B24) | L10: =IF(Settings!B25="","-",Settings!B25) | M10: =IF(Settings!B26="","-",Settings!B26)
A11: Nominal | D11: =IF(Settings!C17="","-",Settings!C17) | E11: =IF(Settings!C18="","-",Settings!C18) | F11: =IF(Settings!C19="","-",Settings!C19) | G11: =IF(Settings!C20="","-",Settings!C20) | H11: =IF(Settings!C21="","-",Settings!C21) | I11: =IF(Settings!C22="","-",Settings!C22) | J11: =IF(Settings!C23="","-",Settings!C23) | K11: =IF(Settings!C24="","-",Settings!C24) | L11: =IF(Settings!C25="","-",Settings!C25) | M11: =IF(Settings!C26="","-",Settings!C26)
A12: LSL | D12: =IF(Settings!D17="","-",Settings!D17) | E12: =IF(Settings!D18="","-",Settings!D18) | F12: =IF(Settings!D19="","-",Settings!D19) | G12: =IF(Settings!D20="","-",Settings!D20) | H12: =IF(Settings!D21="","-",Settings!D21) | I12: =IF(Settings!D22="","-",Settings!D22) | J12: =IF(Settings!D23="","-",Settings!D23) | K12: =IF(Settings!D24="","-",Settings!D24) | L12: =IF(Settings!D25="","-",Settings!D25) | M12: =IF(Settings!D26="","-",Settings!D26)
A13: USL | D13: =IF(Settings!E17="","-",Settings!E17) | E13: =IF(Settings!E18="","-",Settings!E18) | F13: =IF(Settings!E19="","-",Settings!E19) | G13: =IF(Settings!E20="","-",Settings!E20) | H13: =IF(Settings!E21="","-",Settings!E21) | I13: =IF(Settings!E22="","-",Settings!E22) | J13: =IF(Settings!E23="","-",Settings!E23) | K13: =IF(Settings!E24="","-",Settings!E24) | L13: =IF(Settings!E25="","-",Settings!E25) | M13: =IF(Settings!E26="","-",Settings!E26)
A14: Unit | D14: =IF(Settings!F17="","-",Settings!F17) | E14: =IF(Settings!F18="","-",Settings!F18) | F14: =IF(Settings!F19="","-",Settings!F19) | G14: =IF(Settings!F20="","-",Settings!F20) | H14: =IF(Settings!F21="","-",Settings!F21) | I14: =IF(Settings!F22="","-",Settings!F22) | J14: =IF(Settings!F23="","-",Settings!F23) | K14: =IF(Settings!F24="","-",Settings!F24) | L14: =IF(Settings!F25="","-",Settings!F25) | M14: =IF(Settings!F26="","-",Settings!F26)
A16: Sample # | B16: Time | C16: Serial / Batch | D16: Char 1 | E16: Char 2 | F16: Char 3 | G16: Char 4 | H16: Char 5 | I16: Char 6 | J16: Char 7 | K16: Char 8 | L16: Char 9 | M16: Char 10 | N16: Notes
A17: 1
A18: 2
A19: 3
A20: 4
A21: 5
A22: 6
A23: 7
A24: 8
A25: 9
A26: 10
A27: 11
A28: 12
... A41: 25
A43: Notes / out-of-spec actions:
A48: Recorded by: | D48: Signature: | G48: Checked by: | J48: Date:
A50: Transfer readings into the Data Entry sheet (Char 1 -> column H, Char 2 -> column I, ...). Keep this sheet with the job pack.

Sheet Control Charts
A1: CONTROL CHARTS - INDIVIDUALS (X), MOVING RANGE (mR) & HISTOGRAM | CB1: LastRow | CC1: ='Data Entry'!H10022 | CD1: Start | CE1: =MAX(5,CC1-Settings!$F$5+1) | CF1: Lo | CG1: =IF(OR(Capability!$E$5="",Capability!$F$5="",((IF(Capability!$Q$5="",Capability!$F$5,MAX(Capability!$F$5,Capability!$Q$5)))-(IF(Capability!$P$5="",Capability!$E$5,MIN(Capability!$E$5,Capability!$P$5))))<=0),"",(IF(Capability!$P$5="",Capability!$E$5,MIN(Capability!$E$5,Capability!$P$5)))-((IF(Capability!$Q$5="",Capability!$F$5,MAX(Capability!$F$5,Capability!$Q$5)))-(IF(Capability!$P$5="",Capability!$E$5,MIN(Capability!$E$5,Capability!$P$5))))*0.05) | CH1: Width | CI1: =IF(OR(CG1="",CM1="",CM1<=CG1),"",(CM1-CG1)/Settings!$F$6) | CJ1: MaxCnt | CK1: =MAX(CL4:CL18) | CL1: Hi | CM1: =IF(OR(Capability!$E$5="",Capability!$F$5="",((IF(Capability!$Q$5="",Capability!$F$5,MAX(Capability!$F$5,Capability!$Q$5)))-(IF(Capability!$P$5="",Capability!$E$5,MIN(Capability!$E$5,Capability!$P$5))))<=0),"",(IF(Capability!$Q$5="",Capability!$F$5,MAX(Capability!$F$5,Capability!$Q$5)))+((IF(Capability!$Q$5="",Capability!$F$5,MAX(Capability!$F$5,Capability!$Q$5)))-(IF(Capability!$P$5="",Capability!$E$5,MIN(Capability!$E$5,Capability!$P$5))))*0.05) | CP1: LastRow | CQ1: ='Data Entry'!I10022 | CR1: Start | CS1: =MAX(5,CQ1-Settings!$F$5+1) | CT1: Lo | CU1: =IF(OR(Capability!$E$6="",Capability!$F$6="",((IF(Capability!$Q$6="",Capability!$F$6,MAX(Capability!$F$6,Capability!$Q$6)))-(IF(Capability!$P$6="",Capability!$E$6,MIN(Capability!$E$6,Capability!$P$6))))<=0),"",(IF(Capability!$P$6="",Capability!$E$6,MIN(Capability!$E$6,Capability!$P$6)))-((IF(Capability!$Q$6="",Capability!$F$6,MAX(Capability!$F$6,Capability!$Q$6)))-(IF(Capability!$P$6="",Capability!$E$6,MIN(Capability!$E$6,Capability!$P$6))))*0.05) | CV1: Width | CW1: =IF(OR(CU1="",DA1="",DA1<=CU1),"",(DA1-CU1)/Settings!$F$6) | CX1: MaxCnt | CY1: =MAX(CZ4:CZ18) | CZ1: Hi | DA1: =IF(OR(Capability!$E$6="",Capability!$F$6="",((IF(Capability!$Q$6="",Capability!$F$6,MAX(Capability!$F$6,Capability!$Q$6)))-(IF(Capability!$P$6="",Capability!$E$6,MIN(Capability!$E$6,Capability!$P$6))))<=0),"",(IF(Capability!$Q$6="",Capability!$F$6,MAX(Capability!$F$6,Capability!$Q$6)))+((IF(Capability!$Q$6="",Capability!$F$6,MAX(Capability!$F$6,Capability!$Q$6)))-(IF(Capability!$P$6="",Capability!$E$6,MIN(Capability!$E$6,Capability!$P$6))))*0.05) | DD1: LastRow | DE1: ='Data Entry'!J10022 | DF1: Start | DG1: =MAX(5,DE1-Settings!$F$5+1) | DH1: Lo | DI1: =IF(OR(Capability!$E$7="",Capability!$F$7="",((IF(Capability!$Q$7="",Capability!$F$7,MAX(Capability!$F$7,Capability!$Q$7)))-(IF(Capability!$P$7="",Capability!$E$7,MIN(Capability!$E$7,Capability!$P$7))))<=0),"",(IF(Capability!$P$7="",Capability!$E$7,MIN(Capability!$E$7,Capability!$P$7)))-((IF(Capability!$Q$7="",Capability!$F$7,MAX(Capability!$F$7,Capability!$Q$7)))-(IF(Capability!$P$7="",Capability!$E$7,MIN(Capability!$E$7,Capability!$P$7))))*0.05) | DJ1: Width | DK1: =IF(OR(DI1="",DO1="",DO1<=DI1),"",(DO1-DI1)/Settings!$F$6) | DL1: MaxCnt | DM1: =MAX(DN4:DN18) | DN1: Hi | DO1: =IF(OR(Capability!$E$7="",Capability!$F$7="",((IF(Capability!$Q$7="",Capability!$F$7,MAX(Capability!$F$7,Capability!$Q$7)))-(IF(Capability!$P$7="",Capability!$E$7,MIN(Capability!$E$7,Capability!$P$7))))<=0),"",(IF(Capability!$Q$7="",Capability!$F$7,MAX(Capability!$F$7,Capability!$Q$7)))+((IF(Capability!$Q$7="",Capability!$F$7,MAX(Capability!$F$7,Capability!$Q$7)))-(IF(Capability!$P$7="",Capability!$E$7,MIN(Capability!$E$7,Capability!$P$7))))*0.05) | DR1: LastRow | DS1: ='Data Entry'!K10022 | DT1: Start | DU1: =MAX(5,DS1-Settings!$F$5+1) | DV1: Lo | DW1: =IF(OR(Capability!$E$8="",Capability!$F$8="",((IF(Capability!$Q$8="",Capability!$F$8,MAX(Capability!$F$8,Capability!$Q$8)))-(IF(Capability!$P$8="",Capability!$E$8,MIN(Capability!$E$8,Capability!$P$8))))<=0),"",(IF(Capability!$P$8="",Capability!$E$8,MIN(Capability!$E$8,Capability!$P$8)))-((IF(Capability!$Q$8="",Capability!$F$8,MAX(Capability!$F$8,Capability!$Q$8)))-(IF(Capability!$P$8="",Capability!$E$8,MIN(Capability!$E$8,Capability!$P$8))))*0.05) | DX1: Width | DY1: =IF(OR(DW1="",EC1="",EC1<=DW1),"",(EC1-DW1)/Settings!$F$6) | DZ1: MaxCnt | EA1: =MAX(EB4:EB18) | EB1: Hi | EC1: =IF(OR(Capability!$E$8="",Capability!$F$8="",((IF(Capability!$Q$8="",Capability!$F$8,MAX(Capability!$F$8,Capability!$Q$8)))-(IF(Capability!$P$8="",Capability!$E$8,MIN(Capability!$E$8,Capability!$P$8))))<=0),"",(IF(Capability!$Q$8="",Capability!$F$8,MAX(Capability!$F$8,Capability!$Q$8)))+((IF(Capability!$Q$8="",Capability!$F$8,MAX(Capability!$F$8,Capability!$Q$8)))-(IF(Capability!$P$8="",Capability!$E$8,MIN(Capability!$E$8,Capability!$P$8))))*0.05) | EF1: LastRow | EG1: ='Data Entry'!L10022 | EH1: Start | EI1: =MAX(5,EG1-Settings!$F$5+1) | EJ1: Lo | EK1: =IF(OR(Capability!$E$9="",Capability!$F$9="",((IF(Capability!$Q$9="",Capability!$F$9,MAX(Capability!$F$9,Capability!$Q$9)))-(IF(Capability!$P$9="",Capability!$E$9,MIN(Capability!$E$9,Capability!$P$9))))<=0),"",(IF(Capability!$P$9="",Capability!$E$9,MIN(Capability!$E$9,Capability!$P$9)))-((IF(Capability!$Q$9="",Capability!$F$9,MAX(Capability!$F$9,Capability!$Q$9)))-(IF(Capability!$P$9="",Capability!$E$9,MIN(Capability!$E$9,Capability!$P$9))))*0.05) | EL1: Width | EM1: =IF(OR(EK1="",EQ1="",EQ1<=EK1),"",(EQ1-EK1)/Settings!$F$6) | EN1: MaxCnt | EO1: =MAX(EP4:EP18) | EP1: Hi | EQ1: =IF(OR(Capability!$E$9="",Capability!$F$9="",((IF(Capability!$Q$9="",Capability!$F$9,MAX(Capability!$F$9,Capability!$Q$9)))-(IF(Capability!$P$9="",Capability!$E$9,MIN(Capability!$E$9,Capability!$P$9))))<=0),"",(IF(Capability!$Q$9="",Capability!$F$9,MAX(Capability!$F$9,Capability!$Q$9)))+((IF(Capability!$Q$9="",Capability!$F$9,MAX(Capability!$F$9,Capability!$Q$9)))-(IF(Capability!$P$9="",Capability!$E$9,MIN(Capability!$E$9,Capability!$P$9))))*0.05) | ET1: LastRow | EU1: ='Data Entry'!M10022 | EV1: Start | EW1: =MAX(5,EU1-Settings!$F$5+1) | EX1: Lo | EY1: =IF(OR(Capability!$E$10="",Capability!$F$10="",((IF(Capability!$Q$10="",Capability!$F$10,MAX(Capability!$F$10,Capability!$Q$10)))-(IF(Capability!$P$10="",Capability!$E$10,MIN(Capability!$E$10,Capability!$P$10))))<=0),"",(IF(Capability!$P$10="",Capability!$E$10,MIN(Capability!$E$10,Capability!$P$10)))-((IF(Capability!$Q$10="",Capability!$F$10,MAX(Capability!$F$10,Capability!$Q$10)))-(IF(Capability!$P$10="",Capability!$E$10,MIN(Capability!$E$10,Capability!$P$10))))*0.05) | EZ1: Width | FA1: =IF(OR(EY1="",FE1="",FE1<=EY1),"",(FE1-EY1)/Settings!$F$6) | FB1: MaxCnt | FC1: =MAX(FD4:FD18) | FD1: Hi | FE1: =IF(OR(Capability!$E$10="",Capability!$F$10="",((IF(Capability!$Q$10="",Capability!$F$10,MAX(Capability!$F$10,Capability!$Q$10)))-(IF(Capability!$P$10="",Capability!$E$10,MIN(Capability!$E$10,Capability!$P$10))))<=0),"",(IF(Capability!$Q$10="",Capability!$F$10,MAX(Capability!$F$10,Capability!$Q$10)))+((IF(Capability!$Q$10="",Capability!$F$10,MAX(Capability!$F$10,Capability!$Q$10)))-(IF(Capability!$P$10="",Capability!$E$10,MIN(Capability!$E$10,Capability!$P$10))))*0.05) | FH1: LastRow | FI1: ='Data Entry'!N10022 | FJ1: Start | FK1: =MAX(5,FI1-Settings!$F$5+1) | FL1: Lo | FM1: =IF(OR(Capability!$E$11="",Capability!$F$11="",((IF(Capability!$Q$11="",Capability!$F$11,MAX(Capability!$F$11,Capability!$Q$11)))-(IF(Capability!$P$11="",Capability!$E$11,MIN(Capability!$E$11,Capability!$P$11))))<=0),"",(IF(Capability!$P$11="",Capability!$E$11,MIN(Capability!$E$11,Capability!$P$11)))-((IF(Capability!$Q$11="",Capability!$F$11,MAX(Capability!$F$11,Capability!$Q$11)))-(IF(Capability!$P$11="",Capability!$E$11,MIN(Capability!$E$11,Capability!$P$11))))*0.05) | FN1: Width | FO1: =IF(OR(FM1="",FS1="",FS1<=FM1),"",(FS1-FM1)/Settings!$F$6) | FP1: MaxCnt | FQ1: =MAX(FR4:FR18) | FR1: Hi | FS1: =IF(OR(Capability!$E$11="",Capability!$F$11="",((IF(Capability!$Q$11="",Capability!$F$11,MAX(Capability!$F$11,Capability!$Q$11)))-(IF(Capability!$P$11="",Capability!$E$11,MIN(Capability!$E$11,Capability!$P$11))))<=0),"",(IF(Capability!$Q$11="",Capability!$F$11,MAX(Capability!$F$11,Capability!$Q$11)))+((IF(Capability!$Q$11="",Capability!$F$11,MAX(Capability!$F$11,Capability!$Q$11)))-(IF(Capability!$P$11="",Capability!$E$11,MIN(Capability!$E$11,Capability!$P$11))))*0.05) | FV1: LastRow | FW1: ='Data Entry'!O10022 | FX1: Start | FY1: =MAX(5,FW1-Settings!$F$5+1) | FZ1: Lo | GA1: =IF(OR(Capability!$E$12="",Capability!$F$12="",((IF(Capability!$Q$12="",Capability!$F$12,MAX(Capability!$F$12,Capability!$Q$12)))-(IF(Capability!$P$12="",Capability!$E$12,MIN(Capability!$E$12,Capability!$P$12))))<=0),"",(IF(Capability!$P$12="",Capability!$E$12,MIN(Capability!$E$12,Capability!$P$12)))-((IF(Capability!$Q$12="",Capability!$F$12,MAX(Capability!$F$12,Capability!$Q$12)))-(IF(Capability!$P$12="",Capability!$E$12,MIN(Capability!$E$12,Capability!$P$12))))*0.05) | GB1: Width | GC1: =IF(OR(GA1="",GG1="",GG1<=GA1),"",(GG1-GA1)/Settings!$F$6) | GD1: MaxCnt | GE1: =MAX(GF4:GF18) | GF1: Hi | GG1: =IF(OR(Capability!$E$12="",Capability!$F$12="",((IF(Capability!$Q$12="",Capability!$F$12,MAX(Capability!$F$12,Capability!$Q$12)))-(IF(Capability!$P$12="",Capability!$E$12,MIN(Capability!$E$12,Capability!$P$12))))<=0),"",(IF(Capability!$Q$12="",Capability!$F$12,MAX(Capability!$F$12,Capability!$Q$12)))+((IF(Capability!$Q$12="",Capability!$F$12,MAX(Capability!$F$12,Capability!$Q$12)))-(IF(Capability!$P$12="",Capability!$E$12,MIN(Capability!$E$12,Capability!$P$12))))*0.05) | GJ1: LastRow | GK1: ='Data Entry'!P10022 | GL1: Start | GM1: =MAX(5,GK1-Settings!$F$5+1) | GN1: Lo | GO1: =IF(OR(Capability!$E$13="",Capability!$F$13="",((IF(Capability!$Q$13="",Capability!$F$13,MAX(Capability!$F$13,Capability!$Q$13)))-(IF(Capability!$P$13="",Capability!$E$13,MIN(Capability!$E$13,Capability!$P$13))))<=0),"",(IF(Capability!$P$13="",Capability!$E$13,MIN(Capability!$E$13,Capability!$P$13)))-((IF(Capability!$Q$13="",Capability!$F$13,MAX(Capability!$F$13,Capability!$Q$13)))-(IF(Capability!$P$13="",Capability!$E$13,MIN(Capability!$E$13,Capability!$P$13))))*0.05) | GP1: Width | GQ1: =IF(OR(GO1="",GU1="",GU1<=GO1),"",(GU1-GO1)/Settings!$F$6) | GR1: MaxCnt | GS1: =MAX(GT4:GT18) | GT1: Hi | GU1: =IF(OR(Capability!$E$13="",Capability!$F$13="",((IF(Capability!$Q$13="",Capability!$F$13,MAX(Capability!$F$13,Capability!$Q$13)))-(IF(Capability!$P$13="",Capability!$E$13,MIN(Capability!$E$13,Capability!$P$13))))<=0),"",(IF(Capability!$Q$13="",Capability!$F$13,MAX(Capability!$F$13,Capability!$Q$13)))+((IF(Capability!$Q$13="",Capability!$F$13,MAX(Capability!$F$13,Capability!$Q$13)))-(IF(Capability!$P$13="",Capability!$E$13,MIN(Capability!$E$13,Capability!$P$13))))*0.05) | GX1: LastRow | GY1: ='Data Entry'!Q10022 | GZ1: Start | HA1: =MAX(5,GY1-Settings!$F$5+1) | HB1: Lo | HC1: =IF(OR(Capability!$E$14="",Capability!$F$14="",((IF(Capability!$Q$14="",Capability!$F$14,MAX(Capability!$F$14,Capability!$Q$14)))-(IF(Capability!$P$14="",Capability!$E$14,MIN(Capability!$E$14,Capability!$P$14))))<=0),"",(IF(Capability!$P$14="",Capability!$E$14,MIN(Capability!$E$14,Capability!$P$14)))-((IF(Capability!$Q$14="",Capability!$F$14,MAX(Capability!$F$14,Capability!$Q$14)))-(IF(Capability!$P$14="",Capability!$E$14,MIN(Capability!$E$14,Capability!$P$14))))*0.05) | HD1: Width | HE1: =IF(OR(HC1="",HI1="",HI1<=HC1),"",(HI1-HC1)/Settings!$F$6) | HF1: MaxCnt | HG1: =MAX(HH4:HH18) | HH1: Hi | HI1: =IF(OR(Capability!$E$14="",Capability!$F$14="",((IF(Capability!$Q$14="",Capability!$F$14,MAX(Capability!$F$14,Capability!$Q$14)))-(IF(Capability!$P$14="",Capability!$E$14,MIN(Capability!$E$14,Capability!$P$14))))<=0),"",(IF(Capability!$Q$14="",Capability!$F$14,MAX(Capability!$F$14,Capability!$Q$14)))+((IF(Capability!$Q$14="",Capability!$F$14,MAX(Capability!$F$14,Capability!$Q$14)))-(IF(Capability!$P$14="",Capability!$E$14,MIN(Capability!$E$14,Capability!$P$14))))*0.05)
A2: Live statistics sit to the left of each graph. X charts show UCL/CL/LCL plus USL/LSL. Charts follow the most recent points (Settings > Chart Window).
CB3: idx | CC3: X | CD3: CL | CE3: UCL | CF3: LCL | CG3: mR | CH3: mR_UCL | CI3: USL | CJ3: LSL | CK3: Bin | CL3: Count | CM3: LSLmark | CN3: USLmark | CP3: idx | CQ3: X | CR3: CL | CS3: UCL | CT3: LCL | CU3: mR | CV3: mR_UCL | CW3: USL | CX3: LSL | CY3: Bin | CZ3: Count | DA3: LSLmark | DB3: USLmark | DD3: idx | DE3: X | DF3: CL | DG3: UCL | DH3: LCL | DI3: mR | DJ3: mR_UCL | DK3: USL | DL3: LSL | DM3: Bin | DN3: Count | DO3: LSLmark | DP3: USLmark | DR3: idx | DS3: X | DT3: CL | DU3: UCL | DV3: LCL | DW3: mR | DX3: mR_UCL | DY3: USL | DZ3: LSL | EA3: Bin | EB3: Count | EC3: LSLmark | ED3: USLmark | EF3: idx | EG3: X | EH3: CL | EI3: UCL | EJ3: LCL | EK3: mR | EL3: mR_UCL | EM3: USL | EN3: LSL | EO3: Bin | EP3: Count | EQ3: LSLmark | ER3: USLmark | ET3: idx | EU3: X | EV3: CL | EW3: UCL | EX3: LCL | EY3: mR | EZ3: mR_UCL | FA3: USL | FB3: LSL | FC3: Bin | FD3: Count | FE3: LSLmark | FF3: USLmark | FH3: idx | FI3: X | FJ3: CL | FK3: UCL | FL3: LCL | FM3: mR | FN3: mR_UCL | FO3: USL | FP3: LSL | FQ3: Bin | FR3: Count | FS3: LSLmark | FT3: USLmark | FV3: idx | FW3: X | FX3: CL | FY3: UCL | FZ3: LCL | GA3: mR | GB3: mR_UCL | GC3: USL | GD3: LSL | GE3: Bin | GF3: Count | GG3: LSLmark | GH3: USLmark | GJ3: idx | GK3: X | GL3: CL | GM3: UCL | GN3: LCL | GO3: mR | GP3: mR_UCL | GQ3: USL | GR3: LSL | GS3: Bin | GT3: Count | GU3: LSLmark | GV3: USLmark | GX3: idx | GY3: X | GZ3: CL | HA3: UCL | HB3: LCL | HC3: mR | HD3: mR_UCL | HE3: USL | HF3: LSL | HG3: Bin | HH3: Count | HI3: LSLmark | HJ3: USLmark
A4: ="FEATURE 1: "&IF(Settings!B17="","(unnamed)",Settings!B17) | CB4: =IF((CE$1+0)>CC$1,NA(),(CE$1+0)-4) | CC4: =IF((CE$1+0)>CC$1,NA(),INDEX('Data Entry'!$H$5:$H$10004,(CE$1+0)-4)) | CD4: =IF(ISNA(CB4),NA(),Capability!$K$5) | CE4: =IF(ISNA(CB4),NA(),Capability!$J$5) | CF4: =IF(ISNA(CB4),NA(),Capability!$L$5) | CG4: =NA() | CH4: =IF(ISNA(CB4),NA(),Capability!$N$5) | CI4: =IF(ISNA(CB4),NA(),IF(OR(Capability!$Q$5="",Settings!$F$7<>"Y"),NA(),Capability!$Q$5)) | CJ4: =IF(ISNA(CB4),NA(),IF(OR(Capability!$P$5="",Settings!$F$7<>"Y"),NA(),Capability!$P$5)) | CK4: =IF(CI$1="","",ROUND(CG$1+CI$1*0.5,4)) | CL4: =IF(CI$1="","",COUNTIFS('Data Entry'!$H$5:$H$10004,">="&(CG$1+CI$1*0),'Data Entry'!$H$5:$H$10004,"<"&(CG$1+CI$1*1))) | CM4: =IF(OR(Capability!$P$5="",CI$1=""),NA(),IF(AND(Capability!$P$5>=(CG$1+CI$1*0),Capability!$P$5<(CG$1+CI$1*1)),CK$1*1.15,NA())) | CN4: =IF(OR(Capability!$Q$5="",CI$1=""),NA(),IF(AND(Capability!$Q$5>=(CG$1+CI$1*0),Capability!$Q$5<(CG$1+CI$1*1)),CK$1*1.15,NA())) | CP4: =IF((CS$1+0)>CQ$1,NA(),(CS$1+0)-4) | CQ4: =IF((CS$1+0)>CQ$1,NA(),INDEX('Data Entry'!$I$5:$I$10004,(CS$1+0)-4)) | CR4: =IF(ISNA(CP4),NA(),Capability!$K$6) | CS4: =IF(ISNA(CP4),NA(),Capability!$J$6) | CT4: =IF(ISNA(CP4),NA(),Capability!$L$6) | CU4: =NA() | CV4: =IF(ISNA(CP4),NA(),Capability!$N$6) | CW4: =IF(ISNA(CP4),NA(),IF(OR(Capability!$Q$6="",Settings!$F$7<>"Y"),NA(),Capability!$Q$6)) | CX4: =IF(ISNA(CP4),NA(),IF(OR(Capability!$P$6="",Settings!$F$7<>"Y"),NA(),Capability!$P$6)) | CY4: =IF(CW$1="","",ROUND(CU$1+CW$1*0.5,4)) | CZ4: =IF(CW$1="","",COUNTIFS('Data Entry'!$I$5:$I$10004,">="&(CU$1+CW$1*0),'Data Entry'!$I$5:$I$10004,"<"&(CU$1+CW$1*1))) | DA4: =IF(OR(Capability!$P$6="",CW$1=""),NA(),IF(AND(Capability!$P$6>=(CU$1+CW$1*0),Capability!$P$6<(CU$1+CW$1*1)),CY$1*1.15,NA())) | DB4: =IF(OR(Capability!$Q$6="",CW$1=""),NA(),IF(AND(Capability!$Q$6>=(CU$1+CW$1*0),Capability!$Q$6<(CU$1+CW$1*1)),CY$1*1.15,NA())) | DD4: =IF((DG$1+0)>DE$1,NA(),(DG$1+0)-4) | DE4: =IF((DG$1+0)>DE$1,NA(),INDEX('Data Entry'!$J$5:$J$10004,(DG$1+0)-4)) | DF4: =IF(ISNA(DD4),NA(),Capability!$K$7) | DG4: =IF(ISNA(DD4),NA(),Capability!$J$7) | DH4: =IF(ISNA(DD4),NA(),Capability!$L$7) | DI4: =NA() | DJ4: =IF(ISNA(DD4),NA(),Capability!$N$7) | DK4: =IF(ISNA(DD4),NA(),IF(OR(Capability!$Q$7="",Settings!$F$7<>"Y"),NA(),Capability!$Q$7)) | DL4: =IF(ISNA(DD4),NA(),IF(OR(Capability!$P$7="",Settings!$F$7<>"Y"),NA(),Capability!$P$7)) | DM4: =IF(DK$1="","",ROUND(DI$1+DK$1*0.5,4)) | DN4: =IF(DK$1="","",COUNTIFS('Data Entry'!$J$5:$J$10004,">="&(DI$1+DK$1*0),'Data Entry'!$J$5:$J$10004,"<"&(DI$1+DK$1*1))) | DO4: =IF(OR(Capability!$P$7="",DK$1=""),NA(),IF(AND(Capability!$P$7>=(DI$1+DK$1*0),Capability!$P$7<(DI$1+DK$1*1)),DM$1*1.15,NA())) | DP4: =IF(OR(Capability!$Q$7="",DK$1=""),NA(),IF(AND(Capability!$Q$7>=(DI$1+DK$1*0),Capability!$Q$7<(DI$1+DK$1*1)),DM$1*1.15,NA())) | DR4: =IF((DU$1+0)>DS$1,NA(),(DU$1+0)-4) | DS4: =IF((DU$1+0)>DS$1,NA(),INDEX('Data Entry'!$K$5:$K$10004,(DU$1+0)-4)) | DT4: =IF(ISNA(DR4),NA(),Capability!$K$8) | DU4: =IF(ISNA(DR4),NA(),Capability!$J$8) | DV4: =IF(ISNA(DR4),NA(),Capability!$L$8) | DW4: =NA() | DX4: =IF(ISNA(DR4),NA(),Capability!$N$8) | DY4: =IF(ISNA(DR4),NA(),IF(OR(Capability!$Q$8="",Settings!$F$7<>"Y"),NA(),Capability!$Q$8)) | DZ4: =IF(ISNA(DR4),NA(),IF(OR(Capability!$P$8="",Settings!$F$7<>"Y"),NA(),Capability!$P$8)) | EA4: =IF(DY$1="","",ROUND(DW$1+DY$1*0.5,4)) | EB4: =IF(DY$1="","",COUNTIFS('Data Entry'!$K$5:$K$10004,">="&(DW$1+DY$1*0),'Data Entry'!$K$5:$K$10004,"<"&(DW$1+DY$1*1))) | EC4: =IF(OR(Capability!$P$8="",DY$1=""),NA(),IF(AND(Capability!$P$8>=(DW$1+DY$1*0),Capability!$P$8<(DW$1+DY$1*1)),EA$1*1.15,NA())) | ED4: =IF(OR(Capability!$Q$8="",DY$1=""),NA(),IF(AND(Capability!$Q$8>=(DW$1+DY$1*0),Capability!$Q$8<(DW$1+DY$1*1)),EA$1*1.15,NA())) | EF4: =IF((EI$1+0)>EG$1,NA(),(EI$1+0)-4) | EG4: =IF((EI$1+0)>EG$1,NA(),INDEX('Data Entry'!$L$5:$L$10004,(EI$1+0)-4)) | EH4: =IF(ISNA(EF4),NA(),Capability!$K$9) | EI4: =IF(ISNA(EF4),NA(),Capability!$J$9) | EJ4: =IF(ISNA(EF4),NA(),Capability!$L$9) | EK4: =NA() | EL4: =IF(ISNA(EF4),NA(),Capability!$N$9) | EM4: =IF(ISNA(EF4),NA(),IF(OR(Capability!$Q$9="",Settings!$F$7<>"Y"),NA(),Capability!$Q$9)) | EN4: =IF(ISNA(EF4),NA(),IF(OR(Capability!$P$9="",Settings!$F$7<>"Y"),NA(),Capability!$P$9)) | EO4: =IF(EM$1="","",ROUND(EK$1+EM$1*0.5,4)) | EP4: =IF(EM$1="","",COUNTIFS('Data Entry'!$L$5:$L$10004,">="&(EK$1+EM$1*0),'Data Entry'!$L$5:$L$10004,"<"&(EK$1+EM$1*1))) | EQ4: =IF(OR(Capability!$P$9="",EM$1=""),NA(),IF(AND(Capability!$P$9>=(EK$1+EM$1*0),Capability!$P$9<(EK$1+EM$1*1)),EO$1*1.15,NA())) | ER4: =IF(OR(Capability!$Q$9="",EM$1=""),NA(),IF(AND(Capability!$Q$9>=(EK$1+EM$1*0),Capability!$Q$9<(EK$1+EM$1*1)),EO$1*1.15,NA())) | ET4: =IF((EW$1+0)>EU$1,NA(),(EW$1+0)-4) | EU4: =IF((EW$1+0)>EU$1,NA(),INDEX('Data Entry'!$M$5:$M$10004,(EW$1+0)-4)) | EV4: =IF(ISNA(ET4),NA(),Capability!$K$10) | EW4: =IF(ISNA(ET4),NA(),Capability!$J$10) | EX4: =IF(ISNA(ET4),NA(),Capability!$L$10) | EY4: =NA() | EZ4: =IF(ISNA(ET4),NA(),Capability!$N$10) | FA4: =IF(ISNA(ET4),NA(),IF(OR(Capability!$Q$10="",Settings!$F$7<>"Y"),NA(),Capability!$Q$10)) | FB4: =IF(ISNA(ET4),NA(),IF(OR(Capability!$P$10="",Settings!$F$7<>"Y"),NA(),Capability!$P$10)) | FC4: =IF(FA$1="","",ROUND(EY$1+FA$1*0.5,4)) | FD4: =IF(FA$1="","",COUNTIFS('Data Entry'!$M$5:$M$10004,">="&(EY$1+FA$1*0),'Data Entry'!$M$5:$M$10004,"<"&(EY$1+FA$1*1))) | FE4: =IF(OR(Capability!$P$10="",FA$1=""),NA(),IF(AND(Capability!$P$10>=(EY$1+FA$1*0),Capability!$P$10<(EY$1+FA$1*1)),FC$1*1.15,NA())) | FF4: =IF(OR(Capability!$Q$10="",FA$1=""),NA(),IF(AND(Capability!$Q$10>=(EY$1+FA$1*0),Capability!$Q$10<(EY$1+FA$1*1)),FC$1*1.15,NA())) | FH4: =IF((FK$1+0)>FI$1,NA(),(FK$1+0)-4) | FI4: =IF((FK$1+0)>FI$1,NA(),INDEX('Data Entry'!$N$5:$N$10004,(FK$1+0)-4)) | FJ4: =IF(ISNA(FH4),NA(),Capability!$K$11) | FK4: =IF(ISNA(FH4),NA(),Capability!$J$11) | FL4: =IF(ISNA(FH4),NA(),Capability!$L$11) | FM4: =NA() | FN4: =IF(ISNA(FH4),NA(),Capability!$N$11) | FO4: =IF(ISNA(FH4),NA(),IF(OR(Capability!$Q$11="",Settings!$F$7<>"Y"),NA(),Capability!$Q$11)) | FP4: =IF(ISNA(FH4),NA(),IF(OR(Capability!$P$11="",Settings!$F$7<>"Y"),NA(),Capability!$P$11)) | FQ4: =IF(FO$1="","",ROUND(FM$1+FO$1*0.5,4)) | FR4: =IF(FO$1="","",COUNTIFS('Data Entry'!$N$5:$N$10004,">="&(FM$1+FO$1*0),'Data Entry'!$N$5:$N$10004,"<"&(FM$1+FO$1*1))) | FS4: =IF(OR(Capability!$P$11="",FO$1=""),NA(),IF(AND(Capability!$P$11>=(FM$1+FO$1*0),Capability!$P$11<(FM$1+FO$1*1)),FQ$1*1.15,NA())) | FT4: =IF(OR(Capability!$Q$11="",FO$1=""),NA(),IF(AND(Capability!$Q$11>=(FM$1+FO$1*0),Capability!$Q$11<(FM$1+FO$1*1)),FQ$1*1.15,NA())) | FV4: =IF((FY$1+0)>FW$1,NA(),(FY$1+0)-4) | FW4: =IF((FY$1+0)>FW$1,NA(),INDEX('Data Entry'!$O$5:$O$10004,(FY$1+0)-4)) | FX4: =IF(ISNA(FV4),NA(),Capability!$K$12) | FY4: =IF(ISNA(FV4),NA(),Capability!$J$12) | FZ4: =IF(ISNA(FV4),NA(),Capability!$L$12) | GA4: =NA() | GB4: =IF(ISNA(FV4),NA(),Capability!$N$12) | GC4: =IF(ISNA(FV4),NA(),IF(OR(Capability!$Q$12="",Settings!$F$7<>"Y"),NA(),Capability!$Q$12)) | GD4: =IF(ISNA(FV4),NA(),IF(OR(Capability!$P$12="",Settings!$F$7<>"Y"),NA(),Capability!$P$12)) | GE4: =IF(GC$1="","",ROUND(GA$1+GC$1*0.5,4)) | GF4: =IF(GC$1="","",COUNTIFS('Data Entry'!$O$5:$O$10004,">="&(GA$1+GC$1*0),'Data Entry'!$O$5:$O$10004,"<"&(GA$1+GC$1*1))) | GG4: =IF(OR(Capability!$P$12="",GC$1=""),NA(),IF(AND(Capability!$P$12>=(GA$1+GC$1*0),Capability!$P$12<(GA$1+GC$1*1)),GE$1*1.15,NA())) | GH4: =IF(OR(Capability!$Q$12="",GC$1=""),NA(),IF(AND(Capability!$Q$12>=(GA$1+GC$1*0),Capability!$Q$12<(GA$1+GC$1*1)),GE$1*1.15,NA())) | GJ4: =IF((GM$1+0)>GK$1,NA(),(GM$1+0)-4) | GK4: =IF((GM$1+0)>GK$1,NA(),INDEX('Data Entry'!$P$5:$P$10004,(GM$1+0)-4)) | GL4: =IF(ISNA(GJ4),NA(),Capability!$K$13) | GM4: =IF(ISNA(GJ4),NA(),Capability!$J$13) | GN4: =IF(ISNA(GJ4),NA(),Capability!$L$13) | GO4: =NA() | GP4: =IF(ISNA(GJ4),NA(),Capability!$N$13) | GQ4: =IF(ISNA(GJ4),NA(),IF(OR(Capability!$Q$13="",Settings!$F$7<>"Y"),NA(),Capability!$Q$13)) | GR4: =IF(ISNA(GJ4),NA(),IF(OR(Capability!$P$13="",Settings!$F$7<>"Y"),NA(),Capability!$P$13)) | GS4: =IF(GQ$1="","",ROUND(GO$1+GQ$1*0.5,4)) | GT4: =IF(GQ$1="","",COUNTIFS('Data Entry'!$P$5:$P$10004,">="&(GO$1+GQ$1*0),'Data Entry'!$P$5:$P$10004,"<"&(GO$1+GQ$1*1))) | GU4: =IF(OR(Capability!$P$13="",GQ$1=""),NA(),IF(AND(Capability!$P$13>=(GO$1+GQ$1*0),Capability!$P$13<(GO$1+GQ$1*1)),GS$1*1.15,NA())) | GV4: =IF(OR(Capability!$Q$13="",GQ$1=""),NA(),IF(AND(Capability!$Q$13>=(GO$1+GQ$1*0),Capability!$Q$13<(GO$1+GQ$1*1)),GS$1*1.15,NA())) | GX4: =IF((HA$1+0)>GY$1,NA(),(HA$1+0)-4) | GY4: =IF((HA$1+0)>GY$1,NA(),INDEX('Data Entry'!$Q$5:$Q$10004,(HA$1+0)-4)) | GZ4: =IF(ISNA(GX4),NA(),Capability!$K$14) | HA4: =IF(ISNA(GX4),NA(),Capability!$J$14) | HB4: =IF(ISNA(GX4),NA(),Capability!$L$14) | HC4: =NA() | HD4: =IF(ISNA(GX4),NA(),Capability!$N$14) | HE4: =IF(ISNA(GX4),NA(),IF(OR(Capability!$Q$14="",Settings!$F$7<>"Y"),NA(),Capability!$Q$14)) | HF4: =IF(ISNA(GX4),NA(),IF(OR(Capability!$P$14="",Settings!$F$7<>"Y"),NA(),Capability!$P$14)) | HG4: =IF(HE$1="","",ROUND(HC$1+HE$1*0.5,4)) | HH4: =IF(HE$1="","",COUNTIFS('Data Entry'!$Q$5:$Q$10004,">="&(HC$1+HE$1*0),'Data Entry'!$Q$5:$Q$10004,"<"&(HC$1+HE$1*1))) | HI4: =IF(OR(Capability!$P$14="",HE$1=""),NA(),IF(AND(Capability!$P$14>=(HC$1+HE$1*0),Capability!$P$14<(HC$1+HE$1*1)),HG$1*1.15,NA())) | HJ4: =IF(OR(Capability!$Q$14="",HE$1=""),NA(),IF(AND(Capability!$Q$14>=(HC$1+HE$1*0),Capability!$Q$14<(HC$1+HE$1*1)),HG$1*1.15,NA()))
A5: Feature | B5: =Capability!A5 | CB5: =IF((CE$1+1)>CC$1,NA(),(CE$1+1)-4) | CC5: =IF((CE$1+1)>CC$1,NA(),INDEX('Data Entry'!$H$5:$H$10004,(CE$1+1)-4)) | CD5: =IF(ISNA(CB5),NA(),Capability!$K$5) | CE5: =IF(ISNA(CB5),NA(),Capability!$J$5) | CF5: =IF(ISNA(CB5),NA(),Capability!$L$5) | CG5: =IF(OR(ISNA(CC5),ISNA(CC4)),NA(),ABS(CC5-CC4)) | CH5: =IF(ISNA(CB5),NA(),Capability!$N$5) | CI5: =IF(ISNA(CB5),NA(),IF(OR(Capability!$Q$5="",Settings!$F$7<>"Y"),NA(),Capability!$Q$5)) | CJ5: =IF(ISNA(CB5),NA(),IF(OR(Capability!$P$5="",Settings!$F$7<>"Y"),NA(),Capability!$P$5)) | CK5: =IF(CI$1="","",ROUND(CG$1+CI$1*1.5,4)) | CL5: =IF(CI$1="","",COUNTIFS('Data Entry'!$H$5:$H$10004,">="&(CG$1+CI$1*1),'Data Entry'!$H$5:$H$10004,"<"&(CG$1+CI$1*2))) | CM5: =IF(OR(Capability!$P$5="",CI$1=""),NA(),IF(AND(Capability!$P$5>=(CG$1+CI$1*1),Capability!$P$5<(CG$1+CI$1*2)),CK$1*1.15,NA())) | CN5: =IF(OR(Capability!$Q$5="",CI$1=""),NA(),IF(AND(Capability!$Q$5>=(CG$1+CI$1*1),Capability!$Q$5<(CG$1+CI$1*2)),CK$1*1.15,NA())) | CP5: =IF((CS$1+1)>CQ$1,NA(),(CS$1+1)-4) | CQ5: =IF((CS$1+1)>CQ$1,NA(),INDEX('Data Entry'!$I$5:$I$10004,(CS$1+1)-4)) | CR5: =IF(ISNA(CP5),NA(),Capability!$K$6) | CS5: =IF(ISNA(CP5),NA(),Capability!$J$6) | CT5: =IF(ISNA(CP5),NA(),Capability!$L$6) | CU5: =IF(OR(ISNA(CQ5),ISNA(CQ4)),NA(),ABS(CQ5-CQ4)) | CV5: =IF(ISNA(CP5),NA(),Capability!$N$6) | CW5: =IF(ISNA(CP5),NA(),IF(OR(Capability!$Q$6="",Settings!$F$7<>"Y"),NA(),Capability!$Q$6)) | CX5: =IF(ISNA(CP5),NA(),IF(OR(Capability!$P$6="",Settings!$F$7<>"Y"),NA(),Capability!$P$6)) | CY5: =IF(CW$1="","",ROUND(CU$1+CW$1*1.5,4)) | CZ5: =IF(CW$1="","",COUNTIFS('Data Entry'!$I$5:$I$10004,">="&(CU$1+CW$1*1),'Data Entry'!$I$5:$I$10004,"<"&(CU$1+CW$1*2))) | DA5: =IF(OR(Capability!$P$6="",CW$1=""),NA(),IF(AND(Capability!$P$6>=(CU$1+CW$1*1),Capability!$P$6<(CU$1+CW$1*2)),CY$1*1.15,NA())) | DB5: =IF(OR(Capability!$Q$6="",CW$1=""),NA(),IF(AND(Capability!$Q$6>=(CU$1+CW$1*1),Capability!$Q$6<(CU$1+CW$1*2)),CY$1*1.15,NA())) | DD5: =IF((DG$1+1)>DE$1,NA(),(DG$1+1)-4) | DE5: =IF((DG$1+1)>DE$1,NA(),INDEX('Data Entry'!$J$5:$J$10004,(DG$1+1)-4)) | DF5: =IF(ISNA(DD5),NA(),Capability!$K$7) | DG5: =IF(ISNA(DD5),NA(),Capability!$J$7) | DH5: =IF(ISNA(DD5),NA(),Capability!$L$7) | DI5: =IF(OR(ISNA(DE5),ISNA(DE4)),NA(),ABS(DE5-DE4)) | DJ5: =IF(ISNA(DD5),NA(),Capability!$N$7) | DK5: =IF(ISNA(DD5),NA(),IF(OR(Capability!$Q$7="",Settings!$F$7<>"Y"),NA(),Capability!$Q$7)) | DL5: =IF(ISNA(DD5),NA(),IF(OR(Capability!$P$7="",Settings!$F$7<>"Y"),NA(),Capability!$P$7)) | DM5: =IF(DK$1="","",ROUND(DI$1+DK$1*1.5,4)) | DN5: =IF(DK$1="","",COUNTIFS('Data Entry'!$J$5:$J$10004,">="&(DI$1+DK$1*1),'Data Entry'!$J$5:$J$10004,"<"&(DI$1+DK$1*2))) | DO5: =IF(OR(Capability!$P$7="",DK$1=""),NA(),IF(AND(Capability!$P$7>=(DI$1+DK$1*1),Capability!$P$7<(DI$1+DK$1*2)),DM$1*1.15,NA())) | DP5: =IF(OR(Capability!$Q$7="",DK$1=""),NA(),IF(AND(Capability!$Q$7>=(DI$1+DK$1*1),Capability!$Q$7<(DI$1+DK$1*2)),DM$1*1.15,NA())) | DR5: =IF((DU$1+1)>DS$1,NA(),(DU$1+1)-4) | DS5: =IF((DU$1+1)>DS$1,NA(),INDEX('Data Entry'!$K$5:$K$10004,(DU$1+1)-4)) | DT5: =IF(ISNA(DR5),NA(),Capability!$K$8) | DU5: =IF(ISNA(DR5),NA(),Capability!$J$8) | DV5: =IF(ISNA(DR5),NA(),Capability!$L$8) | DW5: =IF(OR(ISNA(DS5),ISNA(DS4)),NA(),ABS(DS5-DS4)) | DX5: =IF(ISNA(DR5),NA(),Capability!$N$8) | DY5: =IF(ISNA(DR5),NA(),IF(OR(Capability!$Q$8="",Settings!$F$7<>"Y"),NA(),Capability!$Q$8)) | DZ5: =IF(ISNA(DR5),NA(),IF(OR(Capability!$P$8="",Settings!$F$7<>"Y"),NA(),Capability!$P$8)) | EA5: =IF(DY$1="","",ROUND(DW$1+DY$1*1.5,4)) | EB5: =IF(DY$1="","",COUNTIFS('Data Entry'!$K$5:$K$10004,">="&(DW$1+DY$1*1),'Data Entry'!$K$5:$K$10004,"<"&(DW$1+DY$1*2))) | EC5: =IF(OR(Capability!$P$8="",DY$1=""),NA(),IF(AND(Capability!$P$8>=(DW$1+DY$1*1),Capability!$P$8<(DW$1+DY$1*2)),EA$1*1.15,NA())) | ED5: =IF(OR(Capability!$Q$8="",DY$1=""),NA(),IF(AND(Capability!$Q$8>=(DW$1+DY$1*1),Capability!$Q$8<(DW$1+DY$1*2)),EA$1*1.15,NA())) | EF5: =IF((EI$1+1)>EG$1,NA(),(EI$1+1)-4) | EG5: =IF((EI$1+1)>EG$1,NA(),INDEX('Data Entry'!$L$5:$L$10004,(EI$1+1)-4)) | EH5: =IF(ISNA(EF5),NA(),Capability!$K$9) | EI5: =IF(ISNA(EF5),NA(),Capability!$J$9) | EJ5: =IF(ISNA(EF5),NA(),Capability!$L$9) | EK5: =IF(OR(ISNA(EG5),ISNA(EG4)),NA(),ABS(EG5-EG4)) | EL5: =IF(ISNA(EF5),NA(),Capability!$N$9) | EM5: =IF(ISNA(EF5),NA(),IF(OR(Capability!$Q$9="",Settings!$F$7<>"Y"),NA(),Capability!$Q$9)) | EN5: =IF(ISNA(EF5),NA(),IF(OR(Capability!$P$9="",Settings!$F$7<>"Y"),NA(),Capability!$P$9)) | EO5: =IF(EM$1="","",ROUND(EK$1+EM$1*1.5,4)) | EP5: =IF(EM$1="","",COUNTIFS('Data Entry'!$L$5:$L$10004,">="&(EK$1+EM$1*1),'Data Entry'!$L$5:$L$10004,"<"&(EK$1+EM$1*2))) | EQ5: =IF(OR(Capability!$P$9="",EM$1=""),NA(),IF(AND(Capability!$P$9>=(EK$1+EM$1*1),Capability!$P$9<(EK$1+EM$1*2)),EO$1*1.15,NA())) | ER5: =IF(OR(Capability!$Q$9="",EM$1=""),NA(),IF(AND(Capability!$Q$9>=(EK$1+EM$1*1),Capability!$Q$9<(EK$1+EM$1*2)),EO$1*1.15,NA())) | ET5: =IF((EW$1+1)>EU$1,NA(),(EW$1+1)-4) | EU5: =IF((EW$1+1)>EU$1,NA(),INDEX('Data Entry'!$M$5:$M$10004,(EW$1+1)-4)) | EV5: =IF(ISNA(ET5),NA(),Capability!$K$10) | EW5: =IF(ISNA(ET5),NA(),Capability!$J$10) | EX5: =IF(ISNA(ET5),NA(),Capability!$L$10) | EY5: =IF(OR(ISNA(EU5),ISNA(EU4)),NA(),ABS(EU5-EU4)) | EZ5: =IF(ISNA(ET5),NA(),Capability!$N$10) | FA5: =IF(ISNA(ET5),NA(),IF(OR(Capability!$Q$10="",Settings!$F$7<>"Y"),NA(),Capability!$Q$10)) | FB5: =IF(ISNA(ET5),NA(),IF(OR(Capability!$P$10="",Settings!$F$7<>"Y"),NA(),Capability!$P$10)) | FC5: =IF(FA$1="","",ROUND(EY$1+FA$1*1.5,4)) | FD5: =IF(FA$1="","",COUNTIFS('Data Entry'!$M$5:$M$10004,">="&(EY$1+FA$1*1),'Data Entry'!$M$5:$M$10004,"<"&(EY$1+FA$1*2))) | FE5: =IF(OR(Capability!$P$10="",FA$1=""),NA(),IF(AND(Capability!$P$10>=(EY$1+FA$1*1),Capability!$P$10<(EY$1+FA$1*2)),FC$1*1.15,NA())) | FF5: =IF(OR(Capability!$Q$10="",FA$1=""),NA(),IF(AND(Capability!$Q$10>=(EY$1+FA$1*1),Capability!$Q$10<(EY$1+FA$1*2)),FC$1*1.15,NA())) | FH5: =IF((FK$1+1)>FI$1,NA(),(FK$1+1)-4) | FI5: =IF((FK$1+1)>FI$1,NA(),INDEX('Data Entry'!$N$5:$N$10004,(FK$1+1)-4)) | FJ5: =IF(ISNA(FH5),NA(),Capability!$K$11) | FK5: =IF(ISNA(FH5),NA(),Capability!$J$11) | FL5: =IF(ISNA(FH5),NA(),Capability!$L$11) | FM5: =IF(OR(ISNA(FI5),ISNA(FI4)),NA(),ABS(FI5-FI4)) | FN5: =IF(ISNA(FH5),NA(),Capability!$N$11) | FO5: =IF(ISNA(FH5),NA(),IF(OR(Capability!$Q$11="",Settings!$F$7<>"Y"),NA(),Capability!$Q$11)) | FP5: =IF(ISNA(FH5),NA(),IF(OR(Capability!$P$11="",Settings!$F$7<>"Y"),NA(),Capability!$P$11)) | FQ5: =IF(FO$1="","",ROUND(FM$1+FO$1*1.5,4)) | FR5: =IF(FO$1="","",COUNTIFS('Data Entry'!$N$5:$N$10004,">="&(FM$1+FO$1*1),'Data Entry'!$N$5:$N$10004,"<"&(FM$1+FO$1*2))) | FS5: =IF(OR(Capability!$P$11="",FO$1=""),NA(),IF(AND(Capability!$P$11>=(FM$1+FO$1*1),Capability!$P$11<(FM$1+FO$1*2)),FQ$1*1.15,NA())) | FT5: =IF(OR(Capability!$Q$11="",FO$1=""),NA(),IF(AND(Capability!$Q$11>=(FM$1+FO$1*1),Capability!$Q$11<(FM$1+FO$1*2)),FQ$1*1.15,NA())) | FV5: =IF((FY$1+1)>FW$1,NA(),(FY$1+1)-4) | FW5: =IF((FY$1+1)>FW$1,NA(),INDEX('Data Entry'!$O$5:$O$10004,(FY$1+1)-4)) | FX5: =IF(ISNA(FV5),NA(),Capability!$K$12) | FY5: =IF(ISNA(FV5),NA(),Capability!$J$12) | FZ5: =IF(ISNA(FV5),NA(),Capability!$L$12) | GA5: =IF(OR(ISNA(FW5),ISNA(FW4)),NA(),ABS(FW5-FW4)) | GB5: =IF(ISNA(FV5),NA(),Capability!$N$12) | GC5: =IF(ISNA(FV5),NA(),IF(OR(Capability!$Q$12="",Settings!$F$7<>"Y"),NA(),Capability!$Q$12)) | GD5: =IF(ISNA(FV5),NA(),IF(OR(Capability!$P$12="",Settings!$F$7<>"Y"),NA(),Capability!$P$12)) | GE5: =IF(GC$1="","",ROUND(GA$1+GC$1*1.5,4)) | GF5: =IF(GC$1="","",COUNTIFS('Data Entry'!$O$5:$O$10004,">="&(GA$1+GC$1*1),'Data Entry'!$O$5:$O$10004,"<"&(GA$1+GC$1*2))) | GG5: =IF(OR(Capability!$P$12="",GC$1=""),NA(),IF(AND(Capability!$P$12>=(GA$1+GC$1*1),Capability!$P$12<(GA$1+GC$1*2)),GE$1*1.15,NA())) | GH5: =IF(OR(Capability!$Q$12="",GC$1=""),NA(),IF(AND(Capability!$Q$12>=(GA$1+GC$1*1),Capability!$Q$12<(GA$1+GC$1*2)),GE$1*1.15,NA())) | GJ5: =IF((GM$1+1)>GK$1,NA(),(GM$1+1)-4) | GK5: =IF((GM$1+1)>GK$1,NA(),INDEX('Data Entry'!$P$5:$P$10004,(GM$1+1)-4)) | GL5: =IF(ISNA(GJ5),NA(),Capability!$K$13) | GM5: =IF(ISNA(GJ5),NA(),Capability!$J$13) | GN5: =IF(ISNA(GJ5),NA(),Capability!$L$13) | GO5: =IF(OR(ISNA(GK5),ISNA(GK4)),NA(),ABS(GK5-GK4)) | GP5: =IF(ISNA(GJ5),NA(),Capability!$N$13) | GQ5: =IF(ISNA(GJ5),NA(),IF(OR(Capability!$Q$13="",Settings!$F$7<>"Y"),NA(),Capability!$Q$13)) | GR5: =IF(ISNA(GJ5),NA(),IF(OR(Capability!$P$13="",Settings!$F$7<>"Y"),NA(),Capability!$P$13)) | GS5: =IF(GQ$1="","",ROUND(GO$1+GQ$1*1.5,4)) | GT5: =IF(GQ$1="","",COUNTIFS('Data Entry'!$P$5:$P$10004,">="&(GO$1+GQ$1*1),'Data Entry'!$P$5:$P$10004,"<"&(GO$1+GQ$1*2))) | GU5: =IF(OR(Capability!$P$13="",GQ$1=""),NA(),IF(AND(Capability!$P$13>=(GO$1+GQ$1*1),Capability!$P$13<(GO$1+GQ$1*2)),GS$1*1.15,NA())) | GV5: =IF(OR(Capability!$Q$13="",GQ$1=""),NA(),IF(AND(Capability!$Q$13>=(GO$1+GQ$1*1),Capability!$Q$13<(GO$1+GQ$1*2)),GS$1*1.15,NA())) | GX5: =IF((HA$1+1)>GY$1,NA(),(HA$1+1)-4) | GY5: =IF((HA$1+1)>GY$1,NA(),INDEX('Data Entry'!$Q$5:$Q$10004,(HA$1+1)-4)) | GZ5: =IF(ISNA(GX5),NA(),Capability!$K$14) | HA5: =IF(ISNA(GX5),NA(),Capability!$J$14) | HB5: =IF(ISNA(GX5),NA(),Capability!$L$14) | HC5: =IF(OR(ISNA(GY5),ISNA(GY4)),NA(),ABS(GY5-GY4)) | HD5: =IF(ISNA(GX5),NA(),Capability!$N$14) | HE5: =IF(ISNA(GX5),NA(),IF(OR(Capability!$Q$14="",Settings!$F$7<>"Y"),NA(),Capability!$Q$14)) | HF5: =IF(ISNA(GX5),NA(),IF(OR(Capability!$P$14="",Settings!$F$7<>"Y"),NA(),Capability!$P$14)) | HG5: =IF(HE$1="","",ROUND(HC$1+HE$1*1.5,4)) | HH5: =IF(HE$1="","",COUNTIFS('Data Entry'!$Q$5:$Q$10004,">="&(HC$1+HE$1*1),'Data Entry'!$Q$5:$Q$10004,"<"&(HC$1+HE$1*2))) | HI5: =IF(OR(Capability!$P$14="",HE$1=""),NA(),IF(AND(Capability!$P$14>=(HC$1+HE$1*1),Capability!$P$14<(HC$1+HE$1*2)),HG$1*1.15,NA())) | HJ5: =IF(OR(Capability!$Q$14="",HE$1=""),NA(),IF(AND(Capability!$Q$14>=(HC$1+HE$1*1),Capability!$Q$14<(HC$1+HE$1*2)),HG$1*1.15,NA()))
A6: Unit | B6: =Settings!F17 | CB6: =IF((CE$1+2)>CC$1,NA(),(CE$1+2)-4) | CC6: =IF((CE$1+2)>CC$1,NA(),INDEX('Data Entry'!$H$5:$H$10004,(CE$1+2)-4)) | CD6: =IF(ISNA(CB6),NA(),Capability!$K$5) | CE6: =IF(ISNA(CB6),NA(),Capability!$J$5) | CF6: =IF(ISNA(CB6),NA(),Capability!$L$5) | CG6: =IF(OR(ISNA(CC6),ISNA(CC5)),NA(),ABS(CC6-CC5)) | CH6: =IF(ISNA(CB6),NA(),Capability!$N$5) | CI6: =IF(ISNA(CB6),NA(),IF(OR(Capability!$Q$5="",Settings!$F$7<>"Y"),NA(),Capability!$Q$5)) | CJ6: =IF(ISNA(CB6),NA(),IF(OR(Capability!$P$5="",Settings!$F$7<>"Y"),NA(),Capability!$P$5)) | CK6: =IF(CI$1="","",ROUND(CG$1+CI$1*2.5,4)) | CL6: =IF(CI$1="","",COUNTIFS('Data Entry'!$H$5:$H$10004,">="&(CG$1+CI$1*2),'Data Entry'!$H$5:$H$10004,"<"&(CG$1+CI$1*3))) | CM6: =IF(OR(Capability!$P$5="",CI$1=""),NA(),IF(AND(Capability!$P$5>=(CG$1+CI$1*2),Capability!$P$5<(CG$1+CI$1*3)),CK$1*1.15,NA())) | CN6: =IF(OR(Capability!$Q$5="",CI$1=""),NA(),IF(AND(Capability!$Q$5>=(CG$1+CI$1*2),Capability!$Q$5<(CG$1+CI$1*3)),CK$1*1.15,NA())) | CP6: =IF((CS$1+2)>CQ$1,NA(),(CS$1+2)-4) | CQ6: =IF((CS$1+2)>CQ$1,NA(),INDEX('Data Entry'!$I$5:$I$10004,(CS$1+2)-4)) | CR6: =IF(ISNA(CP6),NA(),Capability!$K$6) | CS6: =IF(ISNA(CP6),NA(),Capability!$J$6) | CT6: =IF(ISNA(CP6),NA(),Capability!$L$6) | CU6: =IF(OR(ISNA(CQ6),ISNA(CQ5)),NA(),ABS(CQ6-CQ5)) | CV6: =IF(ISNA(CP6),NA(),Capability!$N$6) | CW6: =IF(ISNA(CP6),NA(),IF(OR(Capability!$Q$6="",Settings!$F$7<>"Y"),NA(),Capability!$Q$6)) | CX6: =IF(ISNA(CP6),NA(),IF(OR(Capability!$P$6="",Settings!$F$7<>"Y"),NA(),Capability!$P$6)) | CY6: =IF(CW$1="","",ROUND(CU$1+CW$1*2.5,4)) | CZ6: =IF(CW$1="","",COUNTIFS('Data Entry'!$I$5:$I$10004,">="&(CU$1+CW$1*2),'Data Entry'!$I$5:$I$10004,"<"&(CU$1+CW$1*3))) | DA6: =IF(OR(Capability!$P$6="",CW$1=""),NA(),IF(AND(Capability!$P$6>=(CU$1+CW$1*2),Capability!$P$6<(CU$1+CW$1*3)),CY$1*1.15,NA())) | DB6: =IF(OR(Capability!$Q$6="",CW$1=""),NA(),IF(AND(Capability!$Q$6>=(CU$1+CW$1*2),Capability!$Q$6<(CU$1+CW$1*3)),CY$1*1.15,NA())) | DD6: =IF((DG$1+2)>DE$1,NA(),(DG$1+2)-4) | DE6: =IF((DG$1+2)>DE$1,NA(),INDEX('Data Entry'!$J$5:$J$10004,(DG$1+2)-4)) | DF6: =IF(ISNA(DD6),NA(),Capability!$K$7) | DG6: =IF(ISNA(DD6),NA(),Capability!$J$7) | DH6: =IF(ISNA(DD6),NA(),Capability!$L$7) | DI6: =IF(OR(ISNA(DE6),ISNA(DE5)),NA(),ABS(DE6-DE5)) | DJ6: =IF(ISNA(DD6),NA(),Capability!$N$7) | DK6: =IF(ISNA(DD6),NA(),IF(OR(Capability!$Q$7="",Settings!$F$7<>"Y"),NA(),Capability!$Q$7)) | DL6: =IF(ISNA(DD6),NA(),IF(OR(Capability!$P$7="",Settings!$F$7<>"Y"),NA(),Capability!$P$7)) | DM6: =IF(DK$1="","",ROUND(DI$1+DK$1*2.5,4)) | DN6: =IF(DK$1="","",COUNTIFS('Data Entry'!$J$5:$J$10004,">="&(DI$1+DK$1*2),'Data Entry'!$J$5:$J$10004,"<"&(DI$1+DK$1*3))) | DO6: =IF(OR(Capability!$P$7="",DK$1=""),NA(),IF(AND(Capability!$P$7>=(DI$1+DK$1*2),Capability!$P$7<(DI$1+DK$1*3)),DM$1*1.15,NA())) | DP6: =IF(OR(Capability!$Q$7="",DK$1=""),NA(),IF(AND(Capability!$Q$7>=(DI$1+DK$1*2),Capability!$Q$7<(DI$1+DK$1*3)),DM$1*1.15,NA())) | DR6: =IF((DU$1+2)>DS$1,NA(),(DU$1+2)-4) | DS6: =IF((DU$1+2)>DS$1,NA(),INDEX('Data Entry'!$K$5:$K$10004,(DU$1+2)-4)) | DT6: =IF(ISNA(DR6),NA(),Capability!$K$8) | DU6: =IF(ISNA(DR6),NA(),Capability!$J$8) | DV6: =IF(ISNA(DR6),NA(),Capability!$L$8) | DW6: =IF(OR(ISNA(DS6),ISNA(DS5)),NA(),ABS(DS6-DS5)) | DX6: =IF(ISNA(DR6),NA(),Capability!$N$8) | DY6: =IF(ISNA(DR6),NA(),IF(OR(Capability!$Q$8="",Settings!$F$7<>"Y"),NA(),Capability!$Q$8)) | DZ6: =IF(ISNA(DR6),NA(),IF(OR(Capability!$P$8="",Settings!$F$7<>"Y"),NA(),Capability!$P$8)) | EA6: =IF(DY$1="","",ROUND(DW$1+DY$1*2.5,4)) | EB6: =IF(DY$1="","",COUNTIFS('Data Entry'!$K$5:$K$10004,">="&(DW$1+DY$1*2),'Data Entry'!$K$5:$K$10004,"<"&(DW$1+DY$1*3))) | EC6: =IF(OR(Capability!$P$8="",DY$1=""),NA(),IF(AND(Capability!$P$8>=(DW$1+DY$1*2),Capability!$P$8<(DW$1+DY$1*3)),EA$1*1.15,NA())) | ED6: =IF(OR(Capability!$Q$8="",DY$1=""),NA(),IF(AND(Capability!$Q$8>=(DW$1+DY$1*2),Capability!$Q$8<(DW$1+DY$1*3)),EA$1*1.15,NA())) | EF6: =IF((EI$1+2)>EG$1,NA(),(EI$1+2)-4) | EG6: =IF((EI$1+2)>EG$1,NA(),INDEX('Data Entry'!$L$5:$L$10004,(EI$1+2)-4)) | EH6: =IF(ISNA(EF6),NA(),Capability!$K$9) | EI6: =IF(ISNA(EF6),NA(),Capability!$J$9) | EJ6: =IF(ISNA(EF6),NA(),Capability!$L$9) | EK6: =IF(OR(ISNA(EG6),ISNA(EG5)),NA(),ABS(EG6-EG5)) | EL6: =IF(ISNA(EF6),NA(),Capability!$N$9) | EM6: =IF(ISNA(EF6),NA(),IF(OR(Capability!$Q$9="",Settings!$F$7<>"Y"),NA(),Capability!$Q$9)) | EN6: =IF(ISNA(EF6),NA(),IF(OR(Capability!$P$9="",Settings!$F$7<>"Y"),NA(),Capability!$P$9)) | EO6: =IF(EM$1="","",ROUND(EK$1+EM$1*2.5,4)) | EP6: =IF(EM$1="","",COUNTIFS('Data Entry'!$L$5:$L$10004,">="&(EK$1+EM$1*2),'Data Entry'!$L$5:$L$10004,"<"&(EK$1+EM$1*3))) | EQ6: =IF(OR(Capability!$P$9="",EM$1=""),NA(),IF(AND(Capability!$P$9>=(EK$1+EM$1*2),Capability!$P$9<(EK$1+EM$1*3)),EO$1*1.15,NA())) | ER6: =IF(OR(Capability!$Q$9="",EM$1=""),NA(),IF(AND(Capability!$Q$9>=(EK$1+EM$1*2),Capability!$Q$9<(EK$1+EM$1*3)),EO$1*1.15,NA())) | ET6: =IF((EW$1+2)>EU$1,NA(),(EW$1+2)-4) | EU6: =IF((EW$1+2)>EU$1,NA(),INDEX('Data Entry'!$M$5:$M$10004,(EW$1+2)-4)) | EV6: =IF(ISNA(ET6),NA(),Capability!$K$10) | EW6: =IF(ISNA(ET6),NA(),Capability!$J$10) | EX6: =IF(ISNA(ET6),NA(),Capability!$L$10) | EY6: =IF(OR(ISNA(EU6),ISNA(EU5)),NA(),ABS(EU6-EU5)) | EZ6: =IF(ISNA(ET6),NA(),Capability!$N$10) | FA6: =IF(ISNA(ET6),NA(),IF(OR(Capability!$Q$10="",Settings!$F$7<>"Y"),NA(),Capability!$Q$10)) | FB6: =IF(ISNA(ET6),NA(),IF(OR(Capability!$P$10="",Settings!$F$7<>"Y"),NA(),Capability!$P$10)) | FC6: =IF(FA$1="","",ROUND(EY$1+FA$1*2.5,4)) | FD6: =IF(FA$1="","",COUNTIFS('Data Entry'!$M$5:$M$10004,">="&(EY$1+FA$1*2),'Data Entry'!$M$5:$M$10004,"<"&(EY$1+FA$1*3))) | FE6: =IF(OR(Capability!$P$10="",FA$1=""),NA(),IF(AND(Capability!$P$10>=(EY$1+FA$1*2),Capability!$P$10<(EY$1+FA$1*3)),FC$1*1.15,NA())) | FF6: =IF(OR(Capability!$Q$10="",FA$1=""),NA(),IF(AND(Capability!$Q$10>=(EY$1+FA$1*2),Capability!$Q$10<(EY$1+FA$1*3)),FC$1*1.15,NA())) | FH6: =IF((FK$1+2)>FI$1,NA(),(FK$1+2)-4) | FI6: =IF((FK$1+2)>FI$1,NA(),INDEX('Data Entry'!$N$5:$N$10004,(FK$1+2)-4)) | FJ6: =IF(ISNA(FH6),NA(),Capability!$K$11) | FK6: =IF(ISNA(FH6),NA(),Capability!$J$11) | FL6: =IF(ISNA(FH6),NA(),Capability!$L$11) | FM6: =IF(OR(ISNA(FI6),ISNA(FI5)),NA(),ABS(FI6-FI5)) | FN6: =IF(ISNA(FH6),NA(),Capability!$N$11) | FO6: =IF(ISNA(FH6),NA(),IF(OR(Capability!$Q$11="",Settings!$F$7<>"Y"),NA(),Capability!$Q$11)) | FP6: =IF(ISNA(FH6),NA(),IF(OR(Capability!$P$11="",Settings!$F$7<>"Y"),NA(),Capability!$P$11)) | FQ6: =IF(FO$1="","",ROUND(FM$1+FO$1*2.5,4)) | FR6: =IF(FO$1="","",COUNTIFS('Data Entry'!$N$5:$N$10004,">="&(FM$1+FO$1*2),'Data Entry'!$N$5:$N$10004,"<"&(FM$1+FO$1*3))) | FS6: =IF(OR(Capability!$P$11="",FO$1=""),NA(),IF(AND(Capability!$P$11>=(FM$1+FO$1*2),Capability!$P$11<(FM$1+FO$1*3)),FQ$1*1.15,NA())) | FT6: =IF(OR(Capability!$Q$11="",FO$1=""),NA(),IF(AND(Capability!$Q$11>=(FM$1+FO$1*2),Capability!$Q$11<(FM$1+FO$1*3)),FQ$1*1.15,NA())) | FV6: =IF((FY$1+2)>FW$1,NA(),(FY$1+2)-4) | FW6: =IF((FY$1+2)>FW$1,NA(),INDEX('Data Entry'!$O$5:$O$10004,(FY$1+2)-4)) | FX6: =IF(ISNA(FV6),NA(),Capability!$K$12) | FY6: =IF(ISNA(FV6),NA(),Capability!$J$12) | FZ6: =IF(ISNA(FV6),NA(),Capability!$L$12) | GA6: =IF(OR(ISNA(FW6),ISNA(FW5)),NA(),ABS(FW6-FW5)) | GB6: =IF(ISNA(FV6),NA(),Capability!$N$12) | GC6: =IF(ISNA(FV6),NA(),IF(OR(Capability!$Q$12="",Settings!$F$7<>"Y"),NA(),Capability!$Q$12)) | GD6: =IF(ISNA(FV6),NA(),IF(OR(Capability!$P$12="",Settings!$F$7<>"Y"),NA(),Capability!$P$12)) | GE6: =IF(GC$1="","",ROUND(GA$1+GC$1*2.5,4)) | GF6: =IF(GC$1="","",COUNTIFS('Data Entry'!$O$5:$O$10004,">="&(GA$1+GC$1*2),'Data Entry'!$O$5:$O$10004,"<"&(GA$1+GC$1*3))) | GG6: =IF(OR(Capability!$P$12="",GC$1=""),NA(),IF(AND(Capability!$P$12>=(GA$1+GC$1*2),Capability!$P$12<(GA$1+GC$1*3)),GE$1*1.15,NA())) | GH6: =IF(OR(Capability!$Q$12="",GC$1=""),NA(),IF(AND(Capability!$Q$12>=(GA$1+GC$1*2),Capability!$Q$12<(GA$1+GC$1*3)),GE$1*1.15,NA())) | GJ6: =IF((GM$1+2)>GK$1,NA(),(GM$1+2)-4) | GK6: =IF((GM$1+2)>GK$1,NA(),INDEX('Data Entry'!$P$5:$P$10004,(GM$1+2)-4)) | GL6: =IF(ISNA(GJ6),NA(),Capability!$K$13) | GM6: =IF(ISNA(GJ6),NA(),Capability!$J$13) | GN6: =IF(ISNA(GJ6),NA(),Capability!$L$13) | GO6: =IF(OR(ISNA(GK6),ISNA(GK5)),NA(),ABS(GK6-GK5)) | GP6: =IF(ISNA(GJ6),NA(),Capability!$N$13) | GQ6: =IF(ISNA(GJ6),NA(),IF(OR(Capability!$Q$13="",Settings!$F$7<>"Y"),NA(),Capability!$Q$13)) | GR6: =IF(ISNA(GJ6),NA(),IF(OR(Capability!$P$13="",Settings!$F$7<>"Y"),NA(),Capability!$P$13)) | GS6: =IF(GQ$1="","",ROUND(GO$1+GQ$1*2.5,4)) | GT6: =IF(GQ$1="","",COUNTIFS('Data Entry'!$P$5:$P$10004,">="&(GO$1+GQ$1*2),'Data Entry'!$P$5:$P$10004,"<"&(GO$1+GQ$1*3))) | GU6: =IF(OR(Capability!$P$13="",GQ$1=""),NA(),IF(AND(Capability!$P$13>=(GO$1+GQ$1*2),Capability!$P$13<(GO$1+GQ$1*3)),GS$1*1.15,NA())) | GV6: =IF(OR(Capability!$Q$13="",GQ$1=""),NA(),IF(AND(Capability!$Q$13>=(GO$1+GQ$1*2),Capability!$Q$13<(GO$1+GQ$1*3)),GS$1*1.15,NA())) | GX6: =IF((HA$1+2)>GY$1,NA(),(HA$1+2)-4) | GY6: =IF((HA$1+2)>GY$1,NA(),INDEX('Data Entry'!$Q$5:$Q$10004,(HA$1+2)-4)) | GZ6: =IF(ISNA(GX6),NA(),Capability!$K$14) | HA6: =IF(ISNA(GX6),NA(),Capability!$J$14) | HB6: =IF(ISNA(GX6),NA(),Capability!$L$14) | HC6: =IF(OR(ISNA(GY6),ISNA(GY5)),NA(),ABS(GY6-GY5)) | HD6: =IF(ISNA(GX6),NA(),Capability!$N$14) | HE6: =IF(ISNA(GX6),NA(),IF(OR(Capability!$Q$14="",Settings!$F$7<>"Y"),NA(),Capability!$Q$14)) | HF6: =IF(ISNA(GX6),NA(),IF(OR(Capability!$P$14="",Settings!$F$7<>"Y"),NA(),Capability!$P$14)) | HG6: =IF(HE$1="","",ROUND(HC$1+HE$1*2.5,4)) | HH6: =IF(HE$1="","",COUNTIFS('Data Entry'!$Q$5:$Q$10004,">="&(HC$1+HE$1*2),'Data Entry'!$Q$5:$Q$10004,"<"&(HC$1+HE$1*3))) | HI6: =IF(OR(Capability!$P$14="",HE$1=""),NA(),IF(AND(Capability!$P$14>=(HC$1+HE$1*2),Capability!$P$14<(HC$1+HE$1*3)),HG$1*1.15,NA())) | HJ6: =IF(OR(Capability!$Q$14="",HE$1=""),NA(),IF(AND(Capability!$Q$14>=(HC$1+HE$1*2),Capability!$Q$14<(HC$1+HE$1*3)),HG$1*1.15,NA()))
A7: Samples (n) | B7: =Capability!B5 | CB7: =IF((CE$1+3)>CC$1,NA(),(CE$1+3)-4) | CC7: =IF((CE$1+3)>CC$1,NA(),INDEX('Data Entry'!$H$5:$H$10004,(CE$1+3)-4)) | CD7: =IF(ISNA(CB7),NA(),Capability!$K$5) | CE7: =IF(ISNA(CB7),NA(),Capability!$J$5) | CF7: =IF(ISNA(CB7),NA(),Capability!$L$5) | CG7: =IF(OR(ISNA(CC7),ISNA(CC6)),NA(),ABS(CC7-CC6)) | CH7: =IF(ISNA(CB7),NA(),Capability!$N$5) | CI7: =IF(ISNA(CB7),NA(),IF(OR(Capability!$Q$5="",Settings!$F$7<>"Y"),NA(),Capability!$Q$5)) | CJ7: =IF(ISNA(CB7),NA(),IF(OR(Capability!$P$5="",Settings!$F$7<>"Y"),NA(),Capability!$P$5)) | CK7: =IF(CI$1="","",ROUND(CG$1+CI$1*3.5,4)) | CL7: =IF(CI$1="","",COUNTIFS('Data Entry'!$H$5:$H$10004,">="&(CG$1+CI$1*3),'Data Entry'!$H$5:$H$10004,"<"&(CG$1+CI$1*4))) | CM7: =IF(OR(Capability!$P$5="",CI$1=""),NA(),IF(AND(Capability!$P$5>=(CG$1+CI$1*3),Capability!$P$5<(CG$1+CI$1*4)),CK$1*1.15,NA())) | CN7: =IF(OR(Capability!$Q$5="",CI$1=""),NA(),IF(AND(Capability!$Q$5>=(CG$1+CI$1*3),Capability!$Q$5<(CG$1+CI$1*4)),CK$1*1.15,NA())) | CP7: =IF((CS$1+3)>CQ$1,NA(),(CS$1+3)-4) | CQ7: =IF((CS$1+3)>CQ$1,NA(),INDEX('Data Entry'!$I$5:$I$10004,(CS$1+3)-4)) | CR7: =IF(ISNA(CP7),NA(),Capability!$K$6) | CS7: =IF(ISNA(CP7),NA(),Capability!$J$6) | CT7: =IF(ISNA(CP7),NA(),Capability!$L$6) | CU7: =IF(OR(ISNA(CQ7),ISNA(CQ6)),NA(),ABS(CQ7-CQ6)) | CV7: =IF(ISNA(CP7),NA(),Capability!$N$6) | CW7: =IF(ISNA(CP7),NA(),IF(OR(Capability!$Q$6="",Settings!$F$7<>"Y"),NA(),Capability!$Q$6)) | CX7: =IF(ISNA(CP7),NA(),IF(OR(Capability!$P$6="",Settings!$F$7<>"Y"),NA(),Capability!$P$6)) | CY7: =IF(CW$1="","",ROUND(CU$1+CW$1*3.5,4)) | CZ7: =IF(CW$1="","",COUNTIFS('Data Entry'!$I$5:$I$10004,">="&(CU$1+CW$1*3),'Data Entry'!$I$5:$I$10004,"<"&(CU$1+CW$1*4))) | DA7: =IF(OR(Capability!$P$6="",CW$1=""),NA(),IF(AND(Capability!$P$6>=(CU$1+CW$1*3),Capability!$P$6<(CU$1+CW$1*4)),CY$1*1.15,NA())) | DB7: =IF(OR(Capability!$Q$6="",CW$1=""),NA(),IF(AND(Capability!$Q$6>=(CU$1+CW$1*3),Capability!$Q$6<(CU$1+CW$1*4)),CY$1*1.15,NA())) | DD7: =IF((DG$1+3)>DE$1,NA(),(DG$1+3)-4) | DE7: =IF((DG$1+3)>DE$1,NA(),INDEX('Data Entry'!$J$5:$J$10004,(DG$1+3)-4)) | DF7: =IF(ISNA(DD7),NA(),Capability!$K$7) | DG7: =IF(ISNA(DD7),NA(),Capability!$J$7) | DH7: =IF(ISNA(DD7),NA(),Capability!$L$7) | DI7: =IF(OR(ISNA(DE7),ISNA(DE6)),NA(),ABS(DE7-DE6)) | DJ7: =IF(ISNA(DD7),NA(),Capability!$N$7) | DK7: =IF(ISNA(DD7),NA(),IF(OR(Capability!$Q$7="",Settings!$F$7<>"Y"),NA(),Capability!$Q$7)) | DL7: =IF(ISNA(DD7),NA(),IF(OR(Capability!$P$7="",Settings!$F$7<>"Y"),NA(),Capability!$P$7)) | DM7: =IF(DK$1="","",ROUND(DI$1+DK$1*3.5,4)) | DN7: =IF(DK$1="","",COUNTIFS('Data Entry'!$J$5:$J$10004,">="&(DI$1+DK$1*3),'Data Entry'!$J$5:$J$10004,"<"&(DI$1+DK$1*4))) | DO7: =IF(OR(Capability!$P$7="",DK$1=""),NA(),IF(AND(Capability!$P$7>=(DI$1+DK$1*3),Capability!$P$7<(DI$1+DK$1*4)),DM$1*1.15,NA())) | DP7: =IF(OR(Capability!$Q$7="",DK$1=""),NA(),IF(AND(Capability!$Q$7>=(DI$1+DK$1*3),Capability!$Q$7<(DI$1+DK$1*4)),DM$1*1.15,NA())) | DR7: =IF((DU$1+3)>DS$1,NA(),(DU$1+3)-4) | DS7: =IF((DU$1+3)>DS$1,NA(),INDEX('Data Entry'!$K$5:$K$10004,(DU$1+3)-4)) | DT7: =IF(ISNA(DR7),NA(),Capability!$K$8) | DU7: =IF(ISNA(DR7),NA(),Capability!$J$8) | DV7: =IF(ISNA(DR7),NA(),Capability!$L$8) | DW7: =IF(OR(ISNA(DS7),ISNA(DS6)),NA(),ABS(DS7-DS6)) | DX7: =IF(ISNA(DR7),NA(),Capability!$N$8) | DY7: =IF(ISNA(DR7),NA(),IF(OR(Capability!$Q$8="",Settings!$F$7<>"Y"),NA(),Capability!$Q$8)) | DZ7: =IF(ISNA(DR7),NA(),IF(OR(Capability!$P$8="",Settings!$F$7<>"Y"),NA(),Capability!$P$8)) | EA7: =IF(DY$1="","",ROUND(DW$1+DY$1*3.5,4)) | EB7: =IF(DY$1="","",COUNTIFS('Data Entry'!$K$5:$K$10004,">="&(DW$1+DY$1*3),'Data Entry'!$K$5:$K$10004,"<"&(DW$1+DY$1*4))) | EC7: =IF(OR(Capability!$P$8="",DY$1=""),NA(),IF(AND(Capability!$P$8>=(DW$1+DY$1*3),Capability!$P$8<(DW$1+DY$1*4)),EA$1*1.15,NA())) | ED7: =IF(OR(Capability!$Q$8="",DY$1=""),NA(),IF(AND(Capability!$Q$8>=(DW$1+DY$1*3),Capability!$Q$8<(DW$1+DY$1*4)),EA$1*1.15,NA())) | EF7: =IF((EI$1+3)>EG$1,NA(),(EI$1+3)-4) | EG7: =IF((EI$1+3)>EG$1,NA(),INDEX('Data Entry'!$L$5:$L$10004,(EI$1+3)-4)) | EH7: =IF(ISNA(EF7),NA(),Capability!$K$9) | EI7: =IF(ISNA(EF7),NA(),Capability!$J$9) | EJ7: =IF(ISNA(EF7),NA(),Capability!$L$9) | EK7: =IF(OR(ISNA(EG7),ISNA(EG6)),NA(),ABS(EG7-EG6)) | EL7: =IF(ISNA(EF7),NA(),Capability!$N$9) | EM7: =IF(ISNA(EF7),NA(),IF(OR(Capability!$Q$9="",Settings!$F$7<>"Y"),NA(),Capability!$Q$9)) | EN7: =IF(ISNA(EF7),NA(),IF(OR(Capability!$P$9="",Settings!$F$7<>"Y"),NA(),Capability!$P$9)) | EO7: =IF(EM$1="","",ROUND(EK$1+EM$1*3.5,4)) | EP7: =IF(EM$1="","",COUNTIFS('Data Entry'!$L$5:$L$10004,">="&(EK$1+EM$1*3),'Data Entry'!$L$5:$L$10004,"<"&(EK$1+EM$1*4))) | EQ7: =IF(OR(Capability!$P$9="",EM$1=""),NA(),IF(AND(Capability!$P$9>=(EK$1+EM$1*3),Capability!$P$9<(EK$1+EM$1*4)),EO$1*1.15,NA())) | ER7: =IF(OR(Capability!$Q$9="",EM$1=""),NA(),IF(AND(Capability!$Q$9>=(EK$1+EM$1*3),Capability!$Q$9<(EK$1+EM$1*4)),EO$1*1.15,NA())) | ET7: =IF((EW$1+3)>EU$1,NA(),(EW$1+3)-4) | EU7: =IF((EW$1+3)>EU$1,NA(),INDEX('Data Entry'!$M$5:$M$10004,(EW$1+3)-4)) | EV7: =IF(ISNA(ET7),NA(),Capability!$K$10) | EW7: =IF(ISNA(ET7),NA(),Capability!$J$10) | EX7: =IF(ISNA(ET7),NA(),Capability!$L$10) | EY7: =IF(OR(ISNA(EU7),ISNA(EU6)),NA(),ABS(EU7-EU6)) | EZ7: =IF(ISNA(ET7),NA(),Capability!$N$10) | FA7: =IF(ISNA(ET7),NA(),IF(OR(Capability!$Q$10="",Settings!$F$7<>"Y"),NA(),Capability!$Q$10)) | FB7: =IF(ISNA(ET7),NA(),IF(OR(Capability!$P$10="",Settings!$F$7<>"Y"),NA(),Capability!$P$10)) | FC7: =IF(FA$1="","",ROUND(EY$1+FA$1*3.5,4)) | FD7: =IF(FA$1="","",COUNTIFS('Data Entry'!$M$5:$M$10004,">="&(EY$1+FA$1*3),'Data Entry'!$M$5:$M$10004,"<"&(EY$1+FA$1*4))) | FE7: =IF(OR(Capability!$P$10="",FA$1=""),NA(),IF(AND(Capability!$P$10>=(EY$1+FA$1*3),Capability!$P$10<(EY$1+FA$1*4)),FC$1*1.15,NA())) | FF7: =IF(OR(Capability!$Q$10="",FA$1=""),NA(),IF(AND(Capability!$Q$10>=(EY$1+FA$1*3),Capability!$Q$10<(EY$1+FA$1*4)),FC$1*1.15,NA())) | FH7: =IF((FK$1+3)>FI$1,NA(),(FK$1+3)-4) | FI7: =IF((FK$1+3)>FI$1,NA(),INDEX('Data Entry'!$N$5:$N$10004,(FK$1+3)-4)) | FJ7: =IF(ISNA(FH7),NA(),Capability!$K$11) | FK7: =IF(ISNA(FH7),NA(),Capability!$J$11) | FL7: =IF(ISNA(FH7),NA(),Capability!$L$11) | FM7: =IF(OR(ISNA(FI7),ISNA(FI6)),NA(),ABS(FI7-FI6)) | FN7: =IF(ISNA(FH7),NA(),Capability!$N$11) | FO7: =IF(ISNA(FH7),NA(),IF(OR(Capability!$Q$11="",Settings!$F$7<>"Y"),NA(),Capability!$Q$11)) | FP7: =IF(ISNA(FH7),NA(),IF(OR(Capability!$P$11="",Settings!$F$7<>"Y"),NA(),Capability!$P$11)) | FQ7: =IF(FO$1="","",ROUND(FM$1+FO$1*3.5,4)) | FR7: =IF(FO$1="","",COUNTIFS('Data Entry'!$N$5:$N$10004,">="&(FM$1+FO$1*3),'Data Entry'!$N$5:$N$10004,"<"&(FM$1+FO$1*4))) | FS7: =IF(OR(Capability!$P$11="",FO$1=""),NA(),IF(AND(Capability!$P$11>=(FM$1+FO$1*3),Capability!$P$11<(FM$1+FO$1*4)),FQ$1*1.15,NA())) | FT7: =IF(OR(Capability!$Q$11="",FO$1=""),NA(),IF(AND(Capability!$Q$11>=(FM$1+FO$1*3),Capability!$Q$11<(FM$1+FO$1*4)),FQ$1*1.15,NA())) | FV7: =IF((FY$1+3)>FW$1,NA(),(FY$1+3)-4) | FW7: =IF((FY$1+3)>FW$1,NA(),INDEX('Data Entry'!$O$5:$O$10004,(FY$1+3)-4)) | FX7: =IF(ISNA(FV7),NA(),Capability!$K$12) | FY7: =IF(ISNA(FV7),NA(),Capability!$J$12) | FZ7: =IF(ISNA(FV7),NA(),Capability!$L$12) | GA7: =IF(OR(ISNA(FW7),ISNA(FW6)),NA(),ABS(FW7-FW6)) | GB7: =IF(ISNA(FV7),NA(),Capability!$N$12) | GC7: =IF(ISNA(FV7),NA(),IF(OR(Capability!$Q$12="",Settings!$F$7<>"Y"),NA(),Capability!$Q$12)) | GD7: =IF(ISNA(FV7),NA(),IF(OR(Capability!$P$12="",Settings!$F$7<>"Y"),NA(),Capability!$P$12)) | GE7: =IF(GC$1="","",ROUND(GA$1+GC$1*3.5,4)) | GF7: =IF(GC$1="","",COUNTIFS('Data Entry'!$O$5:$O$10004,">="&(GA$1+GC$1*3),'Data Entry'!$O$5:$O$10004,"<"&(GA$1+GC$1*4))) | GG7: =IF(OR(Capability!$P$12="",GC$1=""),NA(),IF(AND(Capability!$P$12>=(GA$1+GC$1*3),Capability!$P$12<(GA$1+GC$1*4)),GE$1*1.15,NA())) | GH7: =IF(OR(Capability!$Q$12="",GC$1=""),NA(),IF(AND(Capability!$Q$12>=(GA$1+GC$1*3),Capability!$Q$12<(GA$1+GC$1*4)),GE$1*1.15,NA())) | GJ7: =IF((GM$1+3)>GK$1,NA(),(GM$1+3)-4) | GK7: =IF((GM$1+3)>GK$1,NA(),INDEX('Data Entry'!$P$5:$P$10004,(GM$1+3)-4)) | GL7: =IF(ISNA(GJ7),NA(),Capability!$K$13) | GM7: =IF(ISNA(GJ7),NA(),Capability!$J$13) | GN7: =IF(ISNA(GJ7),NA(),Capability!$L$13) | GO7: =IF(OR(ISNA(GK7),ISNA(GK6)),NA(),ABS(GK7-GK6)) | GP7: =IF(ISNA(GJ7),NA(),Capability!$N$13) | GQ7: =IF(ISNA(GJ7),NA(),IF(OR(Capability!$Q$13="",Settings!$F$7<>"Y"),NA(),Capability!$Q$13)) | GR7: =IF(ISNA(GJ7),NA(),IF(OR(Capability!$P$13="",Settings!$F$7<>"Y"),NA(),Capability!$P$13)) | GS7: =IF(GQ$1="","",ROUND(GO$1+GQ$1*3.5,4)) | GT7: =IF(GQ$1="","",COUNTIFS('Data Entry'!$P$5:$P$10004,">="&(GO$1+GQ$1*3),'Data Entry'!$P$5:$P$10004,"<"&(GO$1+GQ$1*4))) | GU7: =IF(OR(Capability!$P$13="",GQ$1=""),NA(),IF(AND(Capability!$P$13>=(GO$1+GQ$1*3),Capability!$P$13<(GO$1+GQ$1*4)),GS$1*1.15,NA())) | GV7: =IF(OR(Capability!$Q$13="",GQ$1=""),NA(),IF(AND(Capability!$Q$13>=(GO$1+GQ$1*3),Capability!$Q$13<(GO$1+GQ$1*4)),GS$1*1.15,NA())) | GX7: =IF((HA$1+3)>GY$1,NA(),(HA$1+3)-4) | GY7: =IF((HA$1+3)>GY$1,NA(),INDEX('Data Entry'!$Q$5:$Q$10004,(HA$1+3)-4)) | GZ7: =IF(ISNA(GX7),NA(),Capability!$K$14) | HA7: =IF(ISNA(GX7),NA(),Capability!$J$14) | HB7: =IF(ISNA(GX7),NA(),Capability!$L$14) | HC7: =IF(OR(ISNA(GY7),ISNA(GY6)),NA(),ABS(GY7-GY6)) | HD7: =IF(ISNA(GX7),NA(),Capability!$N$14) | HE7: =IF(ISNA(GX7),NA(),IF(OR(Capability!$Q$14="",Settings!$F$7<>"Y"),NA(),Capability!$Q$14)) | HF7: =IF(ISNA(GX7),NA(),IF(OR(Capability!$P$14="",Settings!$F$7<>"Y"),NA(),Capability!$P$14)) | HG7: =IF(HE$1="","",ROUND(HC$1+HE$1*3.5,4)) | HH7: =IF(HE$1="","",COUNTIFS('Data Entry'!$Q$5:$Q$10004,">="&(HC$1+HE$1*3),'Data Entry'!$Q$5:$Q$10004,"<"&(HC$1+HE$1*4))) | HI7: =IF(OR(Capability!$P$14="",HE$1=""),NA(),IF(AND(Capability!$P$14>=(HC$1+HE$1*3),Capability!$P$14<(HC$1+HE$1*4)),HG$1*1.15,NA())) | HJ7: =IF(OR(Capability!$Q$14="",HE$1=""),NA(),IF(AND(Capability!$Q$14>=(HC$1+HE$1*3),Capability!$Q$14<(HC$1+HE$1*4)),HG$1*1.15,NA()))
A8: DATA RANGE | CB8: =IF((CE$1+4)>CC$1,NA(),(CE$1+4)-4) | CC8: =IF((CE$1+4)>CC$1,NA(),INDEX('Data Entry'!$H$5:$H$10004,(CE$1+4)-4)) | CD8: =IF(ISNA(CB8),NA(),Capability!$K$5) | CE8: =IF(ISNA(CB8),NA(),Capability!$J$5) | CF8: =IF(ISNA(CB8),NA(),Capability!$L$5) | CG8: =IF(OR(ISNA(CC8),ISNA(CC7)),NA(),ABS(CC8-CC7)) | CH8: =IF(ISNA(CB8),NA(),Capability!$N$5) | CI8: =IF(ISNA(CB8),NA(),IF(OR(Capability!$Q$5="",Settings!$F$7<>"Y"),NA(),Capability!$Q$5)) | CJ8: =IF(ISNA(CB8),NA(),IF(OR(Capability!$P$5="",Settings!$F$7<>"Y"),NA(),Capability!$P$5)) | CK8: =IF(CI$1="","",ROUND(CG$1+CI$1*4.5,4)) | CL8: =IF(CI$1="","",COUNTIFS('Data Entry'!$H$5:$H$10004,">="&(CG$1+CI$1*4),'Data Entry'!$H$5:$H$10004,"<"&(CG$1+CI$1*5))) | CM8: =IF(OR(Capability!$P$5="",CI$1=""),NA(),IF(AND(Capability!$P$5>=(CG$1+CI$1*4),Capability!$P$5<(CG$1+CI$1*5)),CK$1*1.15,NA())) | CN8: =IF(OR(Capability!$Q$5="",CI$1=""),NA(),IF(AND(Capability!$Q$5>=(CG$1+CI$1*4),Capability!$Q$5<(CG$1+CI$1*5)),CK$1*1.15,NA())) | CP8: =IF((CS$1+4)>CQ$1,NA(),(CS$1+4)-4) | CQ8: =IF((CS$1+4)>CQ$1,NA(),INDEX('Data Entry'!$I$5:$I$10004,(CS$1+4)-4)) | CR8: =IF(ISNA(CP8),NA(),Capability!$K$6) | CS8: =IF(ISNA(CP8),NA(),Capability!$J$6) | CT8: =IF(ISNA(CP8),NA(),Capability!$L$6) | CU8: =IF(OR(ISNA(CQ8),ISNA(CQ7)),NA(),ABS(CQ8-CQ7)) | CV8: =IF(ISNA(CP8),NA(),Capability!$N$6) | CW8: =IF(ISNA(CP8),NA(),IF(OR(Capability!$Q$6="",Settings!$F$7<>"Y"),NA(),Capability!$Q$6)) | CX8: =IF(ISNA(CP8),NA(),IF(OR(Capability!$P$6="",Settings!$F$7<>"Y"),NA(),Capability!$P$6)) | CY8: =IF(CW$1="","",ROUND(CU$1+CW$1*4.5,4)) | CZ8: =IF(CW$1="","",COUNTIFS('Data Entry'!$I$5:$I$10004,">="&(CU$1+CW$1*4),'Data Entry'!$I$5:$I$10004,"<"&(CU$1+CW$1*5))) | DA8: =IF(OR(Capability!$P$6="",CW$1=""),NA(),IF(AND(Capability!$P$6>=(CU$1+CW$1*4),Capability!$P$6<(CU$1+CW$1*5)),CY$1*1.15,NA())) | DB8: =IF(OR(Capability!$Q$6="",CW$1=""),NA(),IF(AND(Capability!$Q$6>=(CU$1+CW$1*4),Capability!$Q$6<(CU$1+CW$1*5)),CY$1*1.15,NA())) | DD8: =IF((DG$1+4)>DE$1,NA(),(DG$1+4)-4) | DE8: =IF((DG$1+4)>DE$1,NA(),INDEX('Data Entry'!$J$5:$J$10004,(DG$1+4)-4)) | DF8: =IF(ISNA(DD8),NA(),Capability!$K$7) | DG8: =IF(ISNA(DD8),NA(),Capability!$J$7) | DH8: =IF(ISNA(DD8),NA(),Capability!$L$7) | DI8: =IF(OR(ISNA(DE8),ISNA(DE7)),NA(),ABS(DE8-DE7)) | DJ8: =IF(ISNA(DD8),NA(),Capability!$N$7) | DK8: =IF(ISNA(DD8),NA(),IF(OR(Capability!$Q$7="",Settings!$F$7<>"Y"),NA(),Capability!$Q$7)) | DL8: =IF(ISNA(DD8),NA(),IF(OR(Capability!$P$7="",Settings!$F$7<>"Y"),NA(),Capability!$P$7)) | DM8: =IF(DK$1="","",ROUND(DI$1+DK$1*4.5,4)) | DN8: =IF(DK$1="","",COUNTIFS('Data Entry'!$J$5:$J$10004,">="&(DI$1+DK$1*4),'Data Entry'!$J$5:$J$10004,"<"&(DI$1+DK$1*5))) | DO8: =IF(OR(Capability!$P$7="",DK$1=""),NA(),IF(AND(Capability!$P$7>=(DI$1+DK$1*4),Capability!$P$7<(DI$1+DK$1*5)),DM$1*1.15,NA())) | DP8: =IF(OR(Capability!$Q$7="",DK$1=""),NA(),IF(AND(Capability!$Q$7>=(DI$1+DK$1*4),Capability!$Q$7<(DI$1+DK$1*5)),DM$1*1.15,NA())) | DR8: =IF((DU$1+4)>DS$1,NA(),(DU$1+4)-4) | DS8: =IF((DU$1+4)>DS$1,NA(),INDEX('Data Entry'!$K$5:$K$10004,(DU$1+4)-4)) | DT8: =IF(ISNA(DR8),NA(),Capability!$K$8) | DU8: =IF(ISNA(DR8),NA(),Capability!$J$8) | DV8: =IF(ISNA(DR8),NA(),Capability!$L$8) | DW8: =IF(OR(ISNA(DS8),ISNA(DS7)),NA(),ABS(DS8-DS7)) | DX8: =IF(ISNA(DR8),NA(),Capability!$N$8) | DY8: =IF(ISNA(DR8),NA(),IF(OR(Capability!$Q$8="",Settings!$F$7<>"Y"),NA(),Capability!$Q$8)) | DZ8: =IF(ISNA(DR8),NA(),IF(OR(Capability!$P$8="",Settings!$F$7<>"Y"),NA(),Capability!$P$8)) | EA8: =IF(DY$1="","",ROUND(DW$1+DY$1*4.5,4)) | EB8: =IF(DY$1="","",COUNTIFS('Data Entry'!$K$5:$K$10004,">="&(DW$1+DY$1*4),'Data Entry'!$K$5:$K$10004,"<"&(DW$1+DY$1*5))) | EC8: =IF(OR(Capability!$P$8="",DY$1=""),NA(),IF(AND(Capability!$P$8>=(DW$1+DY$1*4),Capability!$P$8<(DW$1+DY$1*5)),EA$1*1.15,NA())) | ED8: =IF(OR(Capability!$Q$8="",DY$1=""),NA(),IF(AND(Capability!$Q$8>=(DW$1+DY$1*4),Capability!$Q$8<(DW$1+DY$1*5)),EA$1*1.15,NA())) | EF8: =IF((EI$1+4)>EG$1,NA(),(EI$1+4)-4) | EG8: =IF((EI$1+4)>EG$1,NA(),INDEX('Data Entry'!$L$5:$L$10004,(EI$1+4)-4)) | EH8: =IF(ISNA(EF8),NA(),Capability!$K$9) | EI8: =IF(ISNA(EF8),NA(),Capability!$J$9) | EJ8: =IF(ISNA(EF8),NA(),Capability!$L$9) | EK8: =IF(OR(ISNA(EG8),ISNA(EG7)),NA(),ABS(EG8-EG7)) | EL8: =IF(ISNA(EF8),NA(),Capability!$N$9) | EM8: =IF(ISNA(EF8),NA(),IF(OR(Capability!$Q$9="",Settings!$F$7<>"Y"),NA(),Capability!$Q$9)) | EN8: =IF(ISNA(EF8),NA(),IF(OR(Capability!$P$9="",Settings!$F$7<>"Y"),NA(),Capability!$P$9)) | EO8: =IF(EM$1="","",ROUND(EK$1+EM$1*4.5,4)) | EP8: =IF(EM$1="","",COUNTIFS('Data Entry'!$L$5:$L$10004,">="&(EK$1+EM$1*4),'Data Entry'!$L$5:$L$10004,"<"&(EK$1+EM$1*5))) | EQ8: =IF(OR(Capability!$P$9="",EM$1=""),NA(),IF(AND(Capability!$P$9>=(EK$1+EM$1*4),Capability!$P$9<(EK$1+EM$1*5)),EO$1*1.15,NA())) | ER8: =IF(OR(Capability!$Q$9="",EM$1=""),NA(),IF(AND(Capability!$Q$9>=(EK$1+EM$1*4),Capability!$Q$9<(EK$1+EM$1*5)),EO$1*1.15,NA())) | ET8: =IF((EW$1+4)>EU$1,NA(),(EW$1+4)-4) | EU8: =IF((EW$1+4)>EU$1,NA(),INDEX('Data Entry'!$M$5:$M$10004,(EW$1+4)-4)) | EV8: =IF(ISNA(ET8),NA(),Capability!$K$10) | EW8: =IF(ISNA(ET8),NA(),Capability!$J$10) | EX8: =IF(ISNA(ET8),NA(),Capability!$L$10) | EY8: =IF(OR(ISNA(EU8),ISNA(EU7)),NA(),ABS(EU8-EU7)) | EZ8: =IF(ISNA(ET8),NA(),Capability!$N$10) | FA8: =IF(ISNA(ET8),NA(),IF(OR(Capability!$Q$10="",Settings!$F$7<>"Y"),NA(),Capability!$Q$10)) | FB8: =IF(ISNA(ET8),NA(),IF(OR(Capability!$P$10="",Settings!$F$7<>"Y"),NA(),Capability!$P$10)) | FC8: =IF(FA$1="","",ROUND(EY$1+FA$1*4.5,4)) | FD8: =IF(FA$1="","",COUNTIFS('Data Entry'!$M$5:$M$10004,">="&(EY$1+FA$1*4),'Data Entry'!$M$5:$M$10004,"<"&(EY$1+FA$1*5))) | FE8: =IF(OR(Capability!$P$10="",FA$1=""),NA(),IF(AND(Capability!$P$10>=(EY$1+FA$1*4),Capability!$P$10<(EY$1+FA$1*5)),FC$1*1.15,NA())) | FF8: =IF(OR(Capability!$Q$10="",FA$1=""),NA(),IF(AND(Capability!$Q$10>=(EY$1+FA$1*4),Capability!$Q$10<(EY$1+FA$1*5)),FC$1*1.15,NA())) | FH8: =IF((FK$1+4)>FI$1,NA(),(FK$1+4)-4) | FI8: =IF((FK$1+4)>FI$1,NA(),INDEX('Data Entry'!$N$5:$N$10004,(FK$1+4)-4)) | FJ8: =IF(ISNA(FH8),NA(),Capability!$K$11) | FK8: =IF(ISNA(FH8),NA(),Capability!$J$11) | FL8: =IF(ISNA(FH8),NA(),Capability!$L$11) | FM8: =IF(OR(ISNA(FI8),ISNA(FI7)),NA(),ABS(FI8-FI7)) | FN8: =IF(ISNA(FH8),NA(),Capability!$N$11) | FO8: =IF(ISNA(FH8),NA(),IF(OR(Capability!$Q$11="",Settings!$F$7<>"Y"),NA(),Capability!$Q$11)) | FP8: =IF(ISNA(FH8),NA(),IF(OR(Capability!$P$11="",Settings!$F$7<>"Y"),NA(),Capability!$P$11)) | FQ8: =IF(FO$1="","",ROUND(FM$1+FO$1*4.5,4)) | FR8: =IF(FO$1="","",COUNTIFS('Data Entry'!$N$5:$N$10004,">="&(FM$1+FO$1*4),'Data Entry'!$N$5:$N$10004,"<"&(FM$1+FO$1*5))) | FS8: =IF(OR(Capability!$P$11="",FO$1=""),NA(),IF(AND(Capability!$P$11>=(FM$1+FO$1*4),Capability!$P$11<(FM$1+FO$1*5)),FQ$1*1.15,NA())) | FT8: =IF(OR(Capability!$Q$11="",FO$1=""),NA(),IF(AND(Capability!$Q$11>=(FM$1+FO$1*4),Capability!$Q$11<(FM$1+FO$1*5)),FQ$1*1.15,NA())) | FV8: =IF((FY$1+4)>FW$1,NA(),(FY$1+4)-4) | FW8: =IF((FY$1+4)>FW$1,NA(),INDEX('Data Entry'!$O$5:$O$10004,(FY$1+4)-4)) | FX8: =IF(ISNA(FV8),NA(),Capability!$K$12) | FY8: =IF(ISNA(FV8),NA(),Capability!$J$12) | FZ8: =IF(ISNA(FV8),NA(),Capability!$L$12) | GA8: =IF(OR(ISNA(FW8),ISNA(FW7)),NA(),ABS(FW8-FW7)) | GB8: =IF(ISNA(FV8),NA(),Capability!$N$12) | GC8: =IF(ISNA(FV8),NA(),IF(OR(Capability!$Q$12="",Settings!$F$7<>"Y"),NA(),Capability!$Q$12)) | GD8: =IF(ISNA(FV8),NA(),IF(OR(Capability!$P$12="",Settings!$F$7<>"Y"),NA(),Capability!$P$12)) | GE8: =IF(GC$1="","",ROUND(GA$1+GC$1*4.5,4)) | GF8: =IF(GC$1="","",COUNTIFS('Data Entry'!$O$5:$O$10004,">="&(GA$1+GC$1*4),'Data Entry'!$O$5:$O$10004,"<"&(GA$1+GC$1*5))) | GG8: =IF(OR(Capability!$P$12="",GC$1=""),NA(),IF(AND(Capability!$P$12>=(GA$1+GC$1*4),Capability!$P$12<(GA$1+GC$1*5)),GE$1*1.15,NA())) | GH8: =IF(OR(Capability!$Q$12="",GC$1=""),NA(),IF(AND(Capability!$Q$12>=(GA$1+GC$1*4),Capability!$Q$12<(GA$1+GC$1*5)),GE$1*1.15,NA())) | GJ8: =IF((GM$1+4)>GK$1,NA(),(GM$1+4)-4) | GK8: =IF((GM$1+4)>GK$1,NA(),INDEX('Data Entry'!$P$5:$P$10004,(GM$1+4)-4)) | GL8: =IF(ISNA(GJ8),NA(),Capability!$K$13) | GM8: =IF(ISNA(GJ8),NA(),Capability!$J$13) | GN8: =IF(ISNA(GJ8),NA(),Capability!$L$13) | GO8: =IF(OR(ISNA(GK8),ISNA(GK7)),NA(),ABS(GK8-GK7)) | GP8: =IF(ISNA(GJ8),NA(),Capability!$N$13) | GQ8: =IF(ISNA(GJ8),NA(),IF(OR(Capability!$Q$13="",Settings!$F$7<>"Y"),NA(),Capability!$Q$13)) | GR8: =IF(ISNA(GJ8),NA(),IF(OR(Capability!$P$13="",Settings!$F$7<>"Y"),NA(),Capability!$P$13)) | GS8: =IF(GQ$1="","",ROUND(GO$1+GQ$1*4.5,4)) | GT8: =IF(GQ$1="","",COUNTIFS('Data Entry'!$P$5:$P$10004,">="&(GO$1+GQ$1*4),'Data Entry'!$P$5:$P$10004,"<"&(GO$1+GQ$1*5))) | GU8: =IF(OR(Capability!$P$13="",GQ$1=""),NA(),IF(AND(Capability!$P$13>=(GO$1+GQ$1*4),Capability!$P$13<(GO$1+GQ$1*5)),GS$1*1.15,NA())) | GV8: =IF(OR(Capability!$Q$13="",GQ$1=""),NA(),IF(AND(Capability!$Q$13>=(GO$1+GQ$1*4),Capability!$Q$13<(GO$1+GQ$1*5)),GS$1*1.15,NA())) | GX8: =IF((HA$1+4)>GY$1,NA(),(HA$1+4)-4) | GY8: =IF((HA$1+4)>GY$1,NA(),INDEX('Data Entry'!$Q$5:$Q$10004,(HA$1+4)-4)) | GZ8: =IF(ISNA(GX8),NA(),Capability!$K$14) | HA8: =IF(ISNA(GX8),NA(),Capability!$J$14) | HB8: =IF(ISNA(GX8),NA(),Capability!$L$14) | HC8: =IF(OR(ISNA(GY8),ISNA(GY7)),NA(),ABS(GY8-GY7)) | HD8: =IF(ISNA(GX8),NA(),Capability!$N$14) | HE8: =IF(ISNA(GX8),NA(),IF(OR(Capability!$Q$14="",Settings!$F$7<>"Y"),NA(),Capability!$Q$14)) | HF8: =IF(ISNA(GX8),NA(),IF(OR(Capability!$P$14="",Settings!$F$7<>"Y"),NA(),Capability!$P$14)) | HG8: =IF(HE$1="","",ROUND(HC$1+HE$1*4.5,4)) | HH8: =IF(HE$1="","",COUNTIFS('Data Entry'!$Q$5:$Q$10004,">="&(HC$1+HE$1*4),'Data Entry'!$Q$5:$Q$10004,"<"&(HC$1+HE$1*5))) | HI8: =IF(OR(Capability!$P$14="",HE$1=""),NA(),IF(AND(Capability!$P$14>=(HC$1+HE$1*4),Capability!$P$14<(HC$1+HE$1*5)),HG$1*1.15,NA())) | HJ8: =IF(OR(Capability!$Q$14="",HE$1=""),NA(),IF(AND(Capability!$Q$14>=(HC$1+HE$1*4),Capability!$Q$14<(HC$1+HE$1*5)),HG$1*1.15,NA()))
A9: Min | B9: =Capability!E5 | CB9: =IF((CE$1+5)>CC$1,NA(),(CE$1+5)-4) | CC9: =IF((CE$1+5)>CC$1,NA(),INDEX('Data Entry'!$H$5:$H$10004,(CE$1+5)-4)) | CD9: =IF(ISNA(CB9),NA(),Capability!$K$5) | CE9: =IF(ISNA(CB9),NA(),Capability!$J$5) | CF9: =IF(ISNA(CB9),NA(),Capability!$L$5) | CG9: =IF(OR(ISNA(CC9),ISNA(CC8)),NA(),ABS(CC9-CC8)) | CH9: =IF(ISNA(CB9),NA(),Capability!$N$5) | CI9: =IF(ISNA(CB9),NA(),IF(OR(Capability!$Q$5="",Settings!$F$7<>"Y"),NA(),Capability!$Q$5)) | CJ9: =IF(ISNA(CB9),NA(),IF(OR(Capability!$P$5="",Settings!$F$7<>"Y"),NA(),Capability!$P$5)) | CK9: =IF(CI$1="","",ROUND(CG$1+CI$1*5.5,4)) | CL9: =IF(CI$1="","",COUNTIFS('Data Entry'!$H$5:$H$10004,">="&(CG$1+CI$1*5),'Data Entry'!$H$5:$H$10004,"<"&(CG$1+CI$1*6))) | CM9: =IF(OR(Capability!$P$5="",CI$1=""),NA(),IF(AND(Capability!$P$5>=(CG$1+CI$1*5),Capability!$P$5<(CG$1+CI$1*6)),CK$1*1.15,NA())) | CN9: =IF(OR(Capability!$Q$5="",CI$1=""),NA(),IF(AND(Capability!$Q$5>=(CG$1+CI$1*5),Capability!$Q$5<(CG$1+CI$1*6)),CK$1*1.15,NA())) | CP9: =IF((CS$1+5)>CQ$1,NA(),(CS$1+5)-4) | CQ9: =IF((CS$1+5)>CQ$1,NA(),INDEX('Data Entry'!$I$5:$I$10004,(CS$1+5)-4)) | CR9: =IF(ISNA(CP9),NA(),Capability!$K$6) | CS9: =IF(ISNA(CP9),NA(),Capability!$J$6) | CT9: =IF(ISNA(CP9),NA(),Capability!$L$6) | CU9: =IF(OR(ISNA(CQ9),ISNA(CQ8)),NA(),ABS(CQ9-CQ8)) | CV9: =IF(ISNA(CP9),NA(),Capability!$N$6) | CW9: =IF(ISNA(CP9),NA(),IF(OR(Capability!$Q$6="",Settings!$F$7<>"Y"),NA(),Capability!$Q$6)) | CX9: =IF(ISNA(CP9),NA(),IF(OR(Capability!$P$6="",Settings!$F$7<>"Y"),NA(),Capability!$P$6)) | CY9: =IF(CW$1="","",ROUND(CU$1+CW$1*5.5,4)) | CZ9: =IF(CW$1="","",COUNTIFS('Data Entry'!$I$5:$I$10004,">="&(CU$1+CW$1*5),'Data Entry'!$I$5:$I$10004,"<"&(CU$1+CW$1*6))) | DA9: =IF(OR(Capability!$P$6="",CW$1=""),NA(),IF(AND(Capability!$P$6>=(CU$1+CW$1*5),Capability!$P$6<(CU$1+CW$1*6)),CY$1*1.15,NA())) | DB9: =IF(OR(Capability!$Q$6="",CW$1=""),NA(),IF(AND(Capability!$Q$6>=(CU$1+CW$1*5),Capability!$Q$6<(CU$1+CW$1*6)),CY$1*1.15,NA())) | DD9: =IF((DG$1+5)>DE$1,NA(),(DG$1+5)-4) | DE9: =IF((DG$1+5)>DE$1,NA(),INDEX('Data Entry'!$J$5:$J$10004,(DG$1+5)-4)) | DF9: =IF(ISNA(DD9),NA(),Capability!$K$7) | DG9: =IF(ISNA(DD9),NA(),Capability!$J$7) | DH9: =IF(ISNA(DD9),NA(),Capability!$L$7) | DI9: =IF(OR(ISNA(DE9),ISNA(DE8)),NA(),ABS(DE9-DE8)) | DJ9: =IF(ISNA(DD9),NA(),Capability!$N$7) | DK9: =IF(ISNA(DD9),NA(),IF(OR(Capability!$Q$7="",Settings!$F$7<>"Y"),NA(),Capability!$Q$7)) | DL9: =IF(ISNA(DD9),NA(),IF(OR(Capability!$P$7="",Settings!$F$7<>"Y"),NA(),Capability!$P$7)) | DM9: =IF(DK$1="","",ROUND(DI$1+DK$1*5.5,4)) | DN9: =IF(DK$1="","",COUNTIFS('Data Entry'!$J$5:$J$10004,">="&(DI$1+DK$1*5),'Data Entry'!$J$5:$J$10004,"<"&(DI$1+DK$1*6))) | DO9: =IF(OR(Capability!$P$7="",DK$1=""),NA(),IF(AND(Capability!$P$7>=(DI$1+DK$1*5),Capability!$P$7<(DI$1+DK$1*6)),DM$1*1.15,NA())) | DP9: =IF(OR(Capability!$Q$7="",DK$1=""),NA(),IF(AND(Capability!$Q$7>=(DI$1+DK$1*5),Capability!$Q$7<(DI$1+DK$1*6)),DM$1*1.15,NA())) | DR9: =IF((DU$1+5)>DS$1,NA(),(DU$1+5)-4) | DS9: =IF((DU$1+5)>DS$1,NA(),INDEX('Data Entry'!$K$5:$K$10004,(DU$1+5)-4)) | DT9: =IF(ISNA(DR9),NA(),Capability!$K$8) | DU9: =IF(ISNA(DR9),NA(),Capability!$J$8) | DV9: =IF(ISNA(DR9),NA(),Capability!$L$8) | DW9: =IF(OR(ISNA(DS9),ISNA(DS8)),NA(),ABS(DS9-DS8)) | DX9: =IF(ISNA(DR9),NA(),Capability!$N$8) | DY9: =IF(ISNA(DR9),NA(),IF(OR(Capability!$Q$8="",Settings!$F$7<>"Y"),NA(),Capability!$Q$8)) | DZ9: =IF(ISNA(DR9),NA(),IF(OR(Capability!$P$8="",Settings!$F$7<>"Y"),NA(),Capability!$P$8)) | EA9: =IF(DY$1="","",ROUND(DW$1+DY$1*5.5,4)) | EB9: =IF(DY$1="","",COUNTIFS('Data Entry'!$K$5:$K$10004,">="&(DW$1+DY$1*5),'Data Entry'!$K$5:$K$10004,"<"&(DW$1+DY$1*6))) | EC9: =IF(OR(Capability!$P$8="",DY$1=""),NA(),IF(AND(Capability!$P$8>=(DW$1+DY$1*5),Capability!$P$8<(DW$1+DY$1*6)),EA$1*1.15,NA())) | ED9: =IF(OR(Capability!$Q$8="",DY$1=""),NA(),IF(AND(Capability!$Q$8>=(DW$1+DY$1*5),Capability!$Q$8<(DW$1+DY$1*6)),EA$1*1.15,NA())) | EF9: =IF((EI$1+5)>EG$1,NA(),(EI$1+5)-4) | EG9: =IF((EI$1+5)>EG$1,NA(),INDEX('Data Entry'!$L$5:$L$10004,(EI$1+5)-4)) | EH9: =IF(ISNA(EF9),NA(),Capability!$K$9) | EI9: =IF(ISNA(EF9),NA(),Capability!$J$9) | EJ9: =IF(ISNA(EF9),NA(),Capability!$L$9) | EK9: =IF(OR(ISNA(EG9),ISNA(EG8)),NA(),ABS(EG9-EG8)) | EL9: =IF(ISNA(EF9),NA(),Capability!$N$9) | EM9: =IF(ISNA(EF9),NA(),IF(OR(Capability!$Q$9="",Settings!$F$7<>"Y"),NA(),Capability!$Q$9)) | EN9: =IF(ISNA(EF9),NA(),IF(OR(Capability!$P$9="",Settings!$F$7<>"Y"),NA(),Capability!$P$9)) | EO9: =IF(EM$1="","",ROUND(EK$1+EM$1*5.5,4)) | EP9: =IF(EM$1="","",COUNTIFS('Data Entry'!$L$5:$L$10004,">="&(EK$1+EM$1*5),'Data Entry'!$L$5:$L$10004,"<"&(EK$1+EM$1*6))) | EQ9: =IF(OR(Capability!$P$9="",EM$1=""),NA(),IF(AND(Capability!$P$9>=(EK$1+EM$1*5),Capability!$P$9<(EK$1+EM$1*6)),EO$1*1.15,NA())) | ER9: =IF(OR(Capability!$Q$9="",EM$1=""),NA(),IF(AND(Capability!$Q$9>=(EK$1+EM$1*5),Capability!$Q$9<(EK$1+EM$1*6)),EO$1*1.15,NA())) | ET9: =IF((EW$1+5)>EU$1,NA(),(EW$1+5)-4) | EU9: =IF((EW$1+5)>EU$1,NA(),INDEX('Data Entry'!$M$5:$M$10004,(EW$1+5)-4)) | EV9: =IF(ISNA(ET9),NA(),Capability!$K$10) | EW9: =IF(ISNA(ET9),NA(),Capability!$J$10) | EX9: =IF(ISNA(ET9),NA(),Capability!$L$10) | EY9: =IF(OR(ISNA(EU9),ISNA(EU8)),NA(),ABS(EU9-EU8)) | EZ9: =IF(ISNA(ET9),NA(),Capability!$N$10) | FA9: =IF(ISNA(ET9),NA(),IF(OR(Capability!$Q$10="",Settings!$F$7<>"Y"),NA(),Capability!$Q$10)) | FB9: =IF(ISNA(ET9),NA(),IF(OR(Capability!$P$10="",Settings!$F$7<>"Y"),NA(),Capability!$P$10)) | FC9: =IF(FA$1="","",ROUND(EY$1+FA$1*5.5,4)) | FD9: =IF(FA$1="","",COUNTIFS('Data Entry'!$M$5:$M$10004,">="&(EY$1+FA$1*5),'Data Entry'!$M$5:$M$10004,"<"&(EY$1+FA$1*6))) | FE9: =IF(OR(Capability!$P$10="",FA$1=""),NA(),IF(AND(Capability!$P$10>=(EY$1+FA$1*5),Capability!$P$10<(EY$1+FA$1*6)),FC$1*1.15,NA())) | FF9: =IF(OR(Capability!$Q$10="",FA$1=""),NA(),IF(AND(Capability!$Q$10>=(EY$1+FA$1*5),Capability!$Q$10<(EY$1+FA$1*6)),FC$1*1.15,NA())) | FH9: =IF((FK$1+5)>FI$1,NA(),(FK$1+5)-4) | FI9: =IF((FK$1+5)>FI$1,NA(),INDEX('Data Entry'!$N$5:$N$10004,(FK$1+5)-4)) | FJ9: =IF(ISNA(FH9),NA(),Capability!$K$11) | FK9: =IF(ISNA(FH9),NA(),Capability!$J$11) | FL9: =IF(ISNA(FH9),NA(),Capability!$L$11) | FM9: =IF(OR(ISNA(FI9),ISNA(FI8)),NA(),ABS(FI9-FI8)) | FN9: =IF(ISNA(FH9),NA(),Capability!$N$11) | FO9: =IF(ISNA(FH9),NA(),IF(OR(Capability!$Q$11="",Settings!$F$7<>"Y"),NA(),Capability!$Q$11)) | FP9: =IF(ISNA(FH9),NA(),IF(OR(Capability!$P$11="",Settings!$F$7<>"Y"),NA(),Capability!$P$11)) | FQ9: =IF(FO$1="","",ROUND(FM$1+FO$1*5.5,4)) | FR9: =IF(FO$1="","",COUNTIFS('Data Entry'!$N$5:$N$10004,">="&(FM$1+FO$1*5),'Data Entry'!$N$5:$N$10004,"<"&(FM$1+FO$1*6))) | FS9: =IF(OR(Capability!$P$11="",FO$1=""),NA(),IF(AND(Capability!$P$11>=(FM$1+FO$1*5),Capability!$P$11<(FM$1+FO$1*6)),FQ$1*1.15,NA())) | FT9: =IF(OR(Capability!$Q$11="",FO$1=""),NA(),IF(AND(Capability!$Q$11>=(FM$1+FO$1*5),Capability!$Q$11<(FM$1+FO$1*6)),FQ$1*1.15,NA())) | FV9: =IF((FY$1+5)>FW$1,NA(),(FY$1+5)-4) | FW9: =IF((FY$1+5)>FW$1,NA(),INDEX('Data Entry'!$O$5:$O$10004,(FY$1+5)-4)) | FX9: =IF(ISNA(FV9),NA(),Capability!$K$12) | FY9: =IF(ISNA(FV9),NA(),Capability!$J$12) | FZ9: =IF(ISNA(FV9),NA(),Capability!$L$12) | GA9: =IF(OR(ISNA(FW9),ISNA(FW8)),NA(),ABS(FW9-FW8)) | GB9: =IF(ISNA(FV9),NA(),Capability!$N$12) | GC9: =IF(ISNA(FV9),NA(),IF(OR(Capability!$Q$12="",Settings!$F$7<>"Y"),NA(),Capability!$Q$12)) | GD9: =IF(ISNA(FV9),NA(),IF(OR(Capability!$P$12="",Settings!$F$7<>"Y"),NA(),Capability!$P$12)) | GE9: =IF(GC$1="","",ROUND(GA$1+GC$1*5.5,4)) | GF9: =IF(GC$1="","",COUNTIFS('Data Entry'!$O$5:$O$10004,">="&(GA$1+GC$1*5),'Data Entry'!$O$5:$O$10004,"<"&(GA$1+GC$1*6))) | GG9: =IF(OR(Capability!$P$12="",GC$1=""),NA(),IF(AND(Capability!$P$12>=(GA$1+GC$1*5),Capability!$P$12<(GA$1+GC$1*6)),GE$1*1.15,NA())) | GH9: =IF(OR(Capability!$Q$12="",GC$1=""),NA(),IF(AND(Capability!$Q$12>=(GA$1+GC$1*5),Capability!$Q$12<(GA$1+GC$1*6)),GE$1*1.15,NA())) | GJ9: =IF((GM$1+5)>GK$1,NA(),(GM$1+5)-4) | GK9: =IF((GM$1+5)>GK$1,NA(),INDEX('Data Entry'!$P$5:$P$10004,(GM$1+5)-4)) | GL9: =IF(ISNA(GJ9),NA(),Capability!$K$13) | GM9: =IF(ISNA(GJ9),NA(),Capability!$J$13) | GN9: =IF(ISNA(GJ9),NA(),Capability!$L$13) | GO9: =IF(OR(ISNA(GK9),ISNA(GK8)),NA(),ABS(GK9-GK8)) | GP9: =IF(ISNA(GJ9),NA(),Capability!$N$13) | GQ9: =IF(ISNA(GJ9),NA(),IF(OR(Capability!$Q$13="",Settings!$F$7<>"Y"),NA(),Capability!$Q$13)) | GR9: =IF(ISNA(GJ9),NA(),IF(OR(Capability!$P$13="",Settings!$F$7<>"Y"),NA(),Capability!$P$13)) | GS9: =IF(GQ$1="","",ROUND(GO$1+GQ$1*5.5,4)) | GT9: =IF(GQ$1="","",COUNTIFS('Data Entry'!$P$5:$P$10004,">="&(GO$1+GQ$1*5),'Data Entry'!$P$5:$P$10004,"<"&(GO$1+GQ$1*6))) | GU9: =IF(OR(Capability!$P$13="",GQ$1=""),NA(),IF(AND(Capability!$P$13>=(GO$1+GQ$1*5),Capability!$P$13<(GO$1+GQ$1*6)),GS$1*1.15,NA())) | GV9: =IF(OR(Capability!$Q$13="",GQ$1=""),NA(),IF(AND(Capability!$Q$13>=(GO$1+GQ$1*5),Capability!$Q$13<(GO$1+GQ$1*6)),GS$1*1.15,NA())) | GX9: =IF((HA$1+5)>GY$1,NA(),(HA$1+5)-4) | GY9: =IF((HA$1+5)>GY$1,NA(),INDEX('Data Entry'!$Q$5:$Q$10004,(HA$1+5)-4)) | GZ9: =IF(ISNA(GX9),NA(),Capability!$K$14) | HA9: =IF(ISNA(GX9),NA(),Capability!$J$14) | HB9: =IF(ISNA(GX9),NA(),Capability!$L$14) | HC9: =IF(OR(ISNA(GY9),ISNA(GY8)),NA(),ABS(GY9-GY8)) | HD9: =IF(ISNA(GX9),NA(),Capability!$N$14) | HE9: =IF(ISNA(GX9),NA(),IF(OR(Capability!$Q$14="",Settings!$F$7<>"Y"),NA(),Capability!$Q$14)) | HF9: =IF(ISNA(GX9),NA(),IF(OR(Capability!$P$14="",Settings!$F$7<>"Y"),NA(),Capability!$P$14)) | HG9: =IF(HE$1="","",ROUND(HC$1+HE$1*5.5,4)) | HH9: =IF(HE$1="","",COUNTIFS('Data Entry'!$Q$5:$Q$10004,">="&(HC$1+HE$1*5),'Data Entry'!$Q$5:$Q$10004,"<"&(HC$1+HE$1*6))) | HI9: =IF(OR(Capability!$P$14="",HE$1=""),NA(),IF(AND(Capability!$P$14>=(HC$1+HE$1*5),Capability!$P$14<(HC$1+HE$1*6)),HG$1*1.15,NA())) | HJ9: =IF(OR(Capability!$Q$14="",HE$1=""),NA(),IF(AND(Capability!$Q$14>=(HC$1+HE$1*5),Capability!$Q$14<(HC$1+HE$1*6)),HG$1*1.15,NA()))
A10: Max | B10: =Capability!F5 | CB10: =IF((CE$1+6)>CC$1,NA(),(CE$1+6)-4) | CC10: =IF((CE$1+6)>CC$1,NA(),INDEX('Data Entry'!$H$5:$H$10004,(CE$1+6)-4)) | CD10: =IF(ISNA(CB10),NA(),Capability!$K$5) | CE10: =IF(ISNA(CB10),NA(),Capability!$J$5) | CF10: =IF(ISNA(CB10),NA(),Capability!$L$5) | CG10: =IF(OR(ISNA(CC10),ISNA(CC9)),NA(),ABS(CC10-CC9)) | CH10: =IF(ISNA(CB10),NA(),Capability!$N$5) | CI10: =IF(ISNA(CB10),NA(),IF(OR(Capability!$Q$5="",Settings!$F$7<>"Y"),NA(),Capability!$Q$5)) | CJ10: =IF(ISNA(CB10),NA(),IF(OR(Capability!$P$5="",Settings!$F$7<>"Y"),NA(),Capability!$P$5)) | CK10: =IF(CI$1="","",ROUND(CG$1+CI$1*6.5,4)) | CL10: =IF(CI$1="","",COUNTIFS('Data Entry'!$H$5:$H$10004,">="&(CG$1+CI$1*6),'Data Entry'!$H$5:$H$10004,"<"&(CG$1+CI$1*7))) | CM10: =IF(OR(Capability!$P$5="",CI$1=""),NA(),IF(AND(Capability!$P$5>=(CG$1+CI$1*6),Capability!$P$5<(CG$1+CI$1*7)),CK$1*1.15,NA())) | CN10: =IF(OR(Capability!$Q$5="",CI$1=""),NA(),IF(AND(Capability!$Q$5>=(CG$1+CI$1*6),Capability!$Q$5<(CG$1+CI$1*7)),CK$1*1.15,NA())) | CP10: =IF((CS$1+6)>CQ$1,NA(),(CS$1+6)-4) | CQ10: =IF((CS$1+6)>CQ$1,NA(),INDEX('Data Entry'!$I$5:$I$10004,(CS$1+6)-4)) | CR10: =IF(ISNA(CP10),NA(),Capability!$K$6) | CS10: =IF(ISNA(CP10),NA(),Capability!$J$6) | CT10: =IF(ISNA(CP10),NA(),Capability!$L$6) | CU10: =IF(OR(ISNA(CQ10),ISNA(CQ9)),NA(),ABS(CQ10-CQ9)) | CV10: =IF(ISNA(CP10),NA(),Capability!$N$6) | CW10: =IF(ISNA(CP10),NA(),IF(OR(Capability!$Q$6="",Settings!$F$7<>"Y"),NA(),Capability!$Q$6)) | CX10: =IF(ISNA(CP10),NA(),IF(OR(Capability!$P$6="",Settings!$F$7<>"Y"),NA(),Capability!$P$6)) | CY10: =IF(CW$1="","",ROUND(CU$1+CW$1*6.5,4)) | CZ10: =IF(CW$1="","",COUNTIFS('Data Entry'!$I$5:$I$10004,">="&(CU$1+CW$1*6),'Data Entry'!$I$5:$I$10004,"<"&(CU$1+CW$1*7))) | DA10: =IF(OR(Capability!$P$6="",CW$1=""),NA(),IF(AND(Capability!$P$6>=(CU$1+CW$1*6),Capability!$P$6<(CU$1+CW$1*7)),CY$1*1.15,NA())) | DB10: =IF(OR(Capability!$Q$6="",CW$1=""),NA(),IF(AND(Capability!$Q$6>=(CU$1+CW$1*6),Capability!$Q$6<(CU$1+CW$1*7)),CY$1*1.15,NA())) | DD10: =IF((DG$1+6)>DE$1,NA(),(DG$1+6)-4) | DE10: =IF((DG$1+6)>DE$1,NA(),INDEX('Data Entry'!$J$5:$J$10004,(DG$1+6)-4)) | DF10: =IF(ISNA(DD10),NA(),Capability!$K$7) | DG10: =IF(ISNA(DD10),NA(),Capability!$J$7) | DH10: =IF(ISNA(DD10),NA(),Capability!$L$7) | DI10: =IF(OR(ISNA(DE10),ISNA(DE9)),NA(),ABS(DE10-DE9)) | DJ10: =IF(ISNA(DD10),NA(),Capability!$N$7) | DK10: =IF(ISNA(DD10),NA(),IF(OR(Capability!$Q$7="",Settings!$F$7<>"Y"),NA(),Capability!$Q$7)) | DL10: =IF(ISNA(DD10),NA(),IF(OR(Capability!$P$7="",Settings!$F$7<>"Y"),NA(),Capability!$P$7)) | DM10: =IF(DK$1="","",ROUND(DI$1+DK$1*6.5,4)) | DN10: =IF(DK$1="","",COUNTIFS('Data Entry'!$J$5:$J$10004,">="&(DI$1+DK$1*6),'Data Entry'!$J$5:$J$10004,"<"&(DI$1+DK$1*7))) | DO10: =IF(OR(Capability!$P$7="",DK$1=""),NA(),IF(AND(Capability!$P$7>=(DI$1+DK$1*6),Capability!$P$7<(DI$1+DK$1*7)),DM$1*1.15,NA())) | DP10: =IF(OR(Capability!$Q$7="",DK$1=""),NA(),IF(AND(Capability!$Q$7>=(DI$1+DK$1*6),Capability!$Q$7<(DI$1+DK$1*7)),DM$1*1.15,NA())) | DR10: =IF((DU$1+6)>DS$1,NA(),(DU$1+6)-4) | DS10: =IF((DU$1+6)>DS$1,NA(),INDEX('Data Entry'!$K$5:$K$10004,(DU$1+6)-4)) | DT10: =IF(ISNA(DR10),NA(),Capability!$K$8) | DU10: =IF(ISNA(DR10),NA(),Capability!$J$8) | DV10: =IF(ISNA(DR10),NA(),Capability!$L$8) | DW10: =IF(OR(ISNA(DS10),ISNA(DS9)),NA(),ABS(DS10-DS9)) | DX10: =IF(ISNA(DR10),NA(),Capability!$N$8) | DY10: =IF(ISNA(DR10),NA(),IF(OR(Capability!$Q$8="",Settings!$F$7<>"Y"),NA(),Capability!$Q$8)) | DZ10: =IF(ISNA(DR10),NA(),IF(OR(Capability!$P$8="",Settings!$F$7<>"Y"),NA(),Capability!$P$8)) | EA10: =IF(DY$1="","",ROUND(DW$1+DY$1*6.5,4)) | EB10: =IF(DY$1="","",COUNTIFS('Data Entry'!$K$5:$K$10004,">="&(DW$1+DY$1*6),'Data Entry'!$K$5:$K$10004,"<"&(DW$1+DY$1*7))) | EC10: =IF(OR(Capability!$P$8="",DY$1=""),NA(),IF(AND(Capability!$P$8>=(DW$1+DY$1*6),Capability!$P$8<(DW$1+DY$1*7)),EA$1*1.15,NA())) | ED10: =IF(OR(Capability!$Q$8="",DY$1=""),NA(),IF(AND(Capability!$Q$8>=(DW$1+DY$1*6),Capability!$Q$8<(DW$1+DY$1*7)),EA$1*1.15,NA())) | EF10: =IF((EI$1+6)>EG$1,NA(),(EI$1+6)-4) | EG10: =IF((EI$1+6)>EG$1,NA(),INDEX('Data Entry'!$L$5:$L$10004,(EI$1+6)-4)) | EH10: =IF(ISNA(EF10),NA(),Capability!$K$9) | EI10: =IF(ISNA(EF10),NA(),Capability!$J$9) | EJ10: =IF(ISNA(EF10),NA(),Capability!$L$9) | EK10: =IF(OR(ISNA(EG10),ISNA(EG9)),NA(),ABS(EG10-EG9)) | EL10: =IF(ISNA(EF10),NA(),Capability!$N$9) | EM10: =IF(ISNA(EF10),NA(),IF(OR(Capability!$Q$9="",Settings!$F$7<>"Y"),NA(),Capability!$Q$9)) | EN10: =IF(ISNA(EF10),NA(),IF(OR(Capability!$P$9="",Settings!$F$7<>"Y"),NA(),Capability!$P$9)) | EO10: =IF(EM$1="","",ROUND(EK$1+EM$1*6.5,4)) | EP10: =IF(EM$1="","",COUNTIFS('Data Entry'!$L$5:$L$10004,">="&(EK$1+EM$1*6),'Data Entry'!$L$5:$L$10004,"<"&(EK$1+EM$1*7))) | EQ10: =IF(OR(Capability!$P$9="",EM$1=""),NA(),IF(AND(Capability!$P$9>=(EK$1+EM$1*6),Capability!$P$9<(EK$1+EM$1*7)),EO$1*1.15,NA())) | ER10: =IF(OR(Capability!$Q$9="",EM$1=""),NA(),IF(AND(Capability!$Q$9>=(EK$1+EM$1*6),Capability!$Q$9<(EK$1+EM$1*7)),EO$1*1.15,NA())) | ET10: =IF((EW$1+6)>EU$1,NA(),(EW$1+6)-4) | EU10: =IF((EW$1+6)>EU$1,NA(),INDEX('Data Entry'!$M$5:$M$10004,(EW$1+6)-4)) | EV10: =IF(ISNA(ET10),NA(),Capability!$K$10) | EW10: =IF(ISNA(ET10),NA(),Capability!$J$10) | EX10: =IF(ISNA(ET10),NA(),Capability!$L$10) | EY10: =IF(OR(ISNA(EU10),ISNA(EU9)),NA(),ABS(EU10-EU9)) | EZ10: =IF(ISNA(ET10),NA(),Capability!$N$10) | FA10: =IF(ISNA(ET10),NA(),IF(OR(Capability!$Q$10="",Settings!$F$7<>"Y"),NA(),Capability!$Q$10)) | FB10: =IF(ISNA(ET10),NA(),IF(OR(Capability!$P$10="",Settings!$F$7<>"Y"),NA(),Capability!$P$10)) | FC10: =IF(FA$1="","",ROUND(EY$1+FA$1*6.5,4)) | FD10: =IF(FA$1="","",COUNTIFS('Data Entry'!$M$5:$M$10004,">="&(EY$1+FA$1*6),'Data Entry'!$M$5:$M$10004,"<"&(EY$1+FA$1*7))) | FE10: =IF(OR(Capability!$P$10="",FA$1=""),NA(),IF(AND(Capability!$P$10>=(EY$1+FA$1*6),Capability!$P$10<(EY$1+FA$1*7)),FC$1*1.15,NA())) | FF10: =IF(OR(Capability!$Q$10="",FA$1=""),NA(),IF(AND(Capability!$Q$10>=(EY$1+FA$1*6),Capability!$Q$10<(EY$1+FA$1*7)),FC$1*1.15,NA())) | FH10: =IF((FK$1+6)>FI$1,NA(),(FK$1+6)-4) | FI10: =IF((FK$1+6)>FI$1,NA(),INDEX('Data Entry'!$N$5:$N$10004,(FK$1+6)-4)) | FJ10: =IF(ISNA(FH10),NA(),Capability!$K$11) | FK10: =IF(ISNA(FH10),NA(),Capability!$J$11) | FL10: =IF(ISNA(FH10),NA(),Capability!$L$11) | FM10: =IF(OR(ISNA(FI10),ISNA(FI9)),NA(),ABS(FI10-FI9)) | FN10: =IF(ISNA(FH10),NA(),Capability!$N$11) | FO10: =IF(ISNA(FH10),NA(),IF(OR(Capability!$Q$11="",Settings!$F$7<>"Y"),NA(),Capability!$Q$11)) | FP10: =IF(ISNA(FH10),NA(),IF(OR(Capability!$P$11="",Settings!$F$7<>"Y"),NA(),Capability!$P$11)) | FQ10: =IF(FO$1="","",ROUND(FM$1+FO$1*6.5,4)) | FR10: =IF(FO$1="","",COUNTIFS('Data Entry'!$N$5:$N$10004,">="&(FM$1+FO$1*6),'Data Entry'!$N$5:$N$10004,"<"&(FM$1+FO$1*7))) | FS10: =IF(OR(Capability!$P$11="",FO$1=""),NA(),IF(AND(Capability!$P$11>=(FM$1+FO$1*6),Capability!$P$11<(FM$1+FO$1*7)),FQ$1*1.15,NA())) | FT10: =IF(OR(Capability!$Q$11="",FO$1=""),NA(),IF(AND(Capability!$Q$11>=(FM$1+FO$1*6),Capability!$Q$11<(FM$1+FO$1*7)),FQ$1*1.15,NA())) | FV10: =IF((FY$1+6)>FW$1,NA(),(FY$1+6)-4) | FW10: =IF((FY$1+6)>FW$1,NA(),INDEX('Data Entry'!$O$5:$O$10004,(FY$1+6)-4)) | FX10: =IF(ISNA(FV10),NA(),Capability!$K$12) | FY10: =IF(ISNA(FV10),NA(),Capability!$J$12) | FZ10: =IF(ISNA(FV10),NA(),Capability!$L$12) | GA10: =IF(OR(ISNA(FW10),ISNA(FW9)),NA(),ABS(FW10-FW9)) | GB10: =IF(ISNA(FV10),NA(),Capability!$N$12) | GC10: =IF(ISNA(FV10),NA(),IF(OR(Capability!$Q$12="",Settings!$F$7<>"Y"),NA(),Capability!$Q$12)) | GD10: =IF(ISNA(FV10),NA(),IF(OR(Capability!$P$12="",Settings!$F$7<>"Y"),NA(),Capability!$P$12)) | GE10: =IF(GC$1="","",ROUND(GA$1+GC$1*6.5,4)) | GF10: =IF(GC$1="","",COUNTIFS('Data Entry'!$O$5:$O$10004,">="&(GA$1+GC$1*6),'Data Entry'!$O$5:$O$10004,"<"&(GA$1+GC$1*7))) | GG10: =IF(OR(Capability!$P$12="",GC$1=""),NA(),IF(AND(Capability!$P$12>=(GA$1+GC$1*6),Capability!$P$12<(GA$1+GC$1*7)),GE$1*1.15,NA())) | GH10: =IF(OR(Capability!$Q$12="",GC$1=""),NA(),IF(AND(Capability!$Q$12>=(GA$1+GC$1*6),Capability!$Q$12<(GA$1+GC$1*7)),GE$1*1.15,NA())) | GJ10: =IF((GM$1+6)>GK$1,NA(),(GM$1+6)-4) | GK10: =IF((GM$1+6)>GK$1,NA(),INDEX('Data Entry'!$P$5:$P$10004,(GM$1+6)-4)) | GL10: =IF(ISNA(GJ10),NA(),Capability!$K$13) | GM10: =IF(ISNA(GJ10),NA(),Capability!$J$13) | GN10: =IF(ISNA(GJ10),NA(),Capability!$L$13) | GO10: =IF(OR(ISNA(GK10),ISNA(GK9)),NA(),ABS(GK10-GK9)) | GP10: =IF(ISNA(GJ10),NA(),Capability!$N$13) | GQ10: =IF(ISNA(GJ10),NA(),IF(OR(Capability!$Q$13="",Settings!$F$7<>"Y"),NA(),Capability!$Q$13)) | GR10: =IF(ISNA(GJ10),NA(),IF(OR(Capability!$P$13="",Settings!$F$7<>"Y"),NA(),Capability!$P$13)) | GS10: =IF(GQ$1="","",ROUND(GO$1+GQ$1*6.5,4)) | GT10: =IF(GQ$1="","",COUNTIFS('Data Entry'!$P$5:$P$10004,">="&(GO$1+GQ$1*6),'Data Entry'!$P$5:$P$10004,"<"&(GO$1+GQ$1*7))) | GU10: =IF(OR(Capability!$P$13="",GQ$1=""),NA(),IF(AND(Capability!$P$13>=(GO$1+GQ$1*6),Capability!$P$13<(GO$1+GQ$1*7)),GS$1*1.15,NA())) | GV10: =IF(OR(Capability!$Q$13="",GQ$1=""),NA(),IF(AND(Capability!$Q$13>=(GO$1+GQ$1*6),Capability!$Q$13<(GO$1+GQ$1*7)),GS$1*1.15,NA())) | GX10: =IF((HA$1+6)>GY$1,NA(),(HA$1+6)-4) | GY10: =IF((HA$1+6)>GY$1,NA(),INDEX('Data Entry'!$Q$5:$Q$10004,(HA$1+6)-4)) | GZ10: =IF(ISNA(GX10),NA(),Capability!$K$14) | HA10: =IF(ISNA(GX10),NA(),Capability!$J$14) | HB10: =IF(ISNA(GX10),NA(),Capability!$L$14) | HC10: =IF(OR(ISNA(GY10),ISNA(GY9)),NA(),ABS(GY10-GY9)) | HD10: =IF(ISNA(GX10),NA(),Capability!$N$14) | HE10: =IF(ISNA(GX10),NA(),IF(OR(Capability!$Q$14="",Settings!$F$7<>"Y"),NA(),Capability!$Q$14)) | HF10: =IF(ISNA(GX10),NA(),IF(OR(Capability!$P$14="",Settings!$F$7<>"Y"),NA(),Capability!$P$14)) | HG10: =IF(HE$1="","",ROUND(HC$1+HE$1*6.5,4)) | HH10: =IF(HE$1="","",COUNTIFS('Data Entry'!$Q$5:$Q$10004,">="&(HC$1+HE$1*6),'Data Entry'!$Q$5:$Q$10004,"<"&(HC$1+HE$1*7))) | HI10: =IF(OR(Capability!$P$14="",HE$1=""),NA(),IF(AND(Capability!$P$14>=(HC$1+HE$1*6),Capability!$P$14<(HC$1+HE$1*7)),HG$1*1.15,NA())) | HJ10: =IF(OR(Capability!$Q$14="",HE$1=""),NA(),IF(AND(Capability!$Q$14>=(HC$1+HE$1*6),Capability!$Q$14<(HC$1+HE$1*7)),HG$1*1.15,NA()))
A11: Range | B11: =Capability!G5 | CB11: =IF((CE$1+7)>CC$1,NA(),(CE$1+7)-4) | CC11: =IF((CE$1+7)>CC$1,NA(),INDEX('Data Entry'!$H$5:$H$10004,(CE$1+7)-4)) | CD11: =IF(ISNA(CB11),NA(),Capability!$K$5) | CE11: =IF(ISNA(CB11),NA(),Capability!$J$5) | CF11: =IF(ISNA(CB11),NA(),Capability!$L$5) | CG11: =IF(OR(ISNA(CC11),ISNA(CC10)),NA(),ABS(CC11-CC10)) | CH11: =IF(ISNA(CB11),NA(),Capability!$N$5) | CI11: =IF(ISNA(CB11),NA(),IF(OR(Capability!$Q$5="",Settings!$F$7<>"Y"),NA(),Capability!$Q$5)) | CJ11: =IF(ISNA(CB11),NA(),IF(OR(Capability!$P$5="",Settings!$F$7<>"Y"),NA(),Capability!$P$5)) | CK11: =IF(CI$1="","",ROUND(CG$1+CI$1*7.5,4)) | CL11: =IF(CI$1="","",COUNTIFS('Data Entry'!$H$5:$H$10004,">="&(CG$1+CI$1*7),'Data Entry'!$H$5:$H$10004,"<"&(CG$1+CI$1*8))) | CM11: =IF(OR(Capability!$P$5="",CI$1=""),NA(),IF(AND(Capability!$P$5>=(CG$1+CI$1*7),Capability!$P$5<(CG$1+CI$1*8)),CK$1*1.15,NA())) | CN11: =IF(OR(Capability!$Q$5="",CI$1=""),NA(),IF(AND(Capability!$Q$5>=(CG$1+CI$1*7),Capability!$Q$5<(CG$1+CI$1*8)),CK$1*1.15,NA())) | CP11: =IF((CS$1+7)>CQ$1,NA(),(CS$1+7)-4) | CQ11: =IF((CS$1+7)>CQ$1,NA(),INDEX('Data Entry'!$I$5:$I$10004,(CS$1+7)-4)) | CR11: =IF(ISNA(CP11),NA(),Capability!$K$6) | CS11: =IF(ISNA(CP11),NA(),Capability!$J$6) | CT11: =IF(ISNA(CP11),NA(),Capability!$L$6) | CU11: =IF(OR(ISNA(CQ11),ISNA(CQ10)),NA(),ABS(CQ11-CQ10)) | CV11: =IF(ISNA(CP11),NA(),Capability!$N$6) | CW11: =IF(ISNA(CP11),NA(),IF(OR(Capability!$Q$6="",Settings!$F$7<>"Y"),NA(),Capability!$Q$6)) | CX11: =IF(ISNA(CP11),NA(),IF(OR(Capability!$P$6="",Settings!$F$7<>"Y"),NA(),Capability!$P$6)) | CY11: =IF(CW$1="","",ROUND(CU$1+CW$1*7.5,4)) | CZ11: =IF(CW$1="","",COUNTIFS('Data Entry'!$I$5:$I$10004,">="&(CU$1+CW$1*7),'Data Entry'!$I$5:$I$10004,"<"&(CU$1+CW$1*8))) | DA11: =IF(OR(Capability!$P$6="",CW$1=""),NA(),IF(AND(Capability!$P$6>=(CU$1+CW$1*7),Capability!$P$6<(CU$1+CW$1*8)),CY$1*1.15,NA())) | DB11: =IF(OR(Capability!$Q$6="",CW$1=""),NA(),IF(AND(Capability!$Q$6>=(CU$1+CW$1*7),Capability!$Q$6<(CU$1+CW$1*8)),CY$1*1.15,NA())) | DD11: =IF((DG$1+7)>DE$1,NA(),(DG$1+7)-4) | DE11: =IF((DG$1+7)>DE$1,NA(),INDEX('Data Entry'!$J$5:$J$10004,(DG$1+7)-4)) | DF11: =IF(ISNA(DD11),NA(),Capability!$K$7) | DG11: =IF(ISNA(DD11),NA(),Capability!$J$7) | DH11: =IF(ISNA(DD11),NA(),Capability!$L$7) | DI11: =IF(OR(ISNA(DE11),ISNA(DE10)),NA(),ABS(DE11-DE10)) | DJ11: =IF(ISNA(DD11),NA(),Capability!$N$7) | DK11: =IF(ISNA(DD11),NA(),IF(OR(Capability!$Q$7="",Settings!$F$7<>"Y"),NA(),Capability!$Q$7)) | DL11: =IF(ISNA(DD11),NA(),IF(OR(Capability!$P$7="",Settings!$F$7<>"Y"),NA(),Capability!$P$7)) | DM11: =IF(DK$1="","",ROUND(DI$1+DK$1*7.5,4)) | DN11: =IF(DK$1="","",COUNTIFS('Data Entry'!$J$5:$J$10004,">="&(DI$1+DK$1*7),'Data Entry'!$J$5:$J$10004,"<"&(DI$1+DK$1*8))) | DO11: =IF(OR(Capability!$P$7="",DK$1=""),NA(),IF(AND(Capability!$P$7>=(DI$1+DK$1*7),Capability!$P$7<(DI$1+DK$1*8)),DM$1*1.15,NA())) | DP11: =IF(OR(Capability!$Q$7="",DK$1=""),NA(),IF(AND(Capability!$Q$7>=(DI$1+DK$1*7),Capability!$Q$7<(DI$1+DK$1*8)),DM$1*1.15,NA())) | DR11: =IF((DU$1+7)>DS$1,NA(),(DU$1+7)-4) | DS11: =IF((DU$1+7)>DS$1,NA(),INDEX('Data Entry'!$K$5:$K$10004,(DU$1+7)-4)) | DT11: =IF(ISNA(DR11),NA(),Capability!$K$8) | DU11: =IF(ISNA(DR11),NA(),Capability!$J$8) | DV11: =IF(ISNA(DR11),NA(),Capability!$L$8) | DW11: =IF(OR(ISNA(DS11),ISNA(DS10)),NA(),ABS(DS11-DS10)) | DX11: =IF(ISNA(DR11),NA(),Capability!$N$8) | DY11: =IF(ISNA(DR11),NA(),IF(OR(Capability!$Q$8="",Settings!$F$7<>"Y"),NA(),Capability!$Q$8)) | DZ11: =IF(ISNA(DR11),NA(),IF(OR(Capability!$P$8="",Settings!$F$7<>"Y"),NA(),Capability!$P$8)) | EA11: =IF(DY$1="","",ROUND(DW$1+DY$1*7.5,4)) | EB11: =IF(DY$1="","",COUNTIFS('Data Entry'!$K$5:$K$10004,">="&(DW$1+DY$1*7),'Data Entry'!$K$5:$K$10004,"<"&(DW$1+DY$1*8))) | EC11: =IF(OR(Capability!$P$8="",DY$1=""),NA(),IF(AND(Capability!$P$8>=(DW$1+DY$1*7),Capability!$P$8<(DW$1+DY$1*8)),EA$1*1.15,NA())) | ED11: =IF(OR(Capability!$Q$8="",DY$1=""),NA(),IF(AND(Capability!$Q$8>=(DW$1+DY$1*7),Capability!$Q$8<(DW$1+DY$1*8)),EA$1*1.15,NA())) | EF11: =IF((EI$1+7)>EG$1,NA(),(EI$1+7)-4) | EG11: =IF((EI$1+7)>EG$1,NA(),INDEX('Data Entry'!$L$5:$L$10004,(EI$1+7)-4)) | EH11: =IF(ISNA(EF11),NA(),Capability!$K$9) | EI11: =IF(ISNA(EF11),NA(),Capability!$J$9) | EJ11: =IF(ISNA(EF11),NA(),Capability!$L$9) | EK11: =IF(OR(ISNA(EG11),ISNA(EG10)),NA(),ABS(EG11-EG10)) | EL11: =IF(ISNA(EF11),NA(),Capability!$N$9) | EM11: =IF(ISNA(EF11),NA(),IF(OR(Capability!$Q$9="",Settings!$F$7<>"Y"),NA(),Capability!$Q$9)) | EN11: =IF(ISNA(EF11),NA(),IF(OR(Capability!$P$9="",Settings!$F$7<>"Y"),NA(),Capability!$P$9)) | EO11: =IF(EM$1="","",ROUND(EK$1+EM$1*7.5,4)) | EP11: =IF(EM$1="","",COUNTIFS('Data Entry'!$L$5:$L$10004,">="&(EK$1+EM$1*7),'Data Entry'!$L$5:$L$10004,"<"&(EK$1+EM$1*8))) | EQ11: =IF(OR(Capability!$P$9="",EM$1=""),NA(),IF(AND(Capability!$P$9>=(EK$1+EM$1*7),Capability!$P$9<(EK$1+EM$1*8)),EO$1*1.15,NA())) | ER11: =IF(OR(Capability!$Q$9="",EM$1=""),NA(),IF(AND(Capability!$Q$9>=(EK$1+EM$1*7),Capability!$Q$9<(EK$1+EM$1*8)),EO$1*1.15,NA())) | ET11: =IF((EW$1+7)>EU$1,NA(),(EW$1+7)-4) | EU11: =IF((EW$1+7)>EU$1,NA(),INDEX('Data Entry'!$M$5:$M$10004,(EW$1+7)-4)) | EV11: =IF(ISNA(ET11),NA(),Capability!$K$10) | EW11: =IF(ISNA(ET11),NA(),Capability!$J$10) | EX11: =IF(ISNA(ET11),NA(),Capability!$L$10) | EY11: =IF(OR(ISNA(EU11),ISNA(EU10)),NA(),ABS(EU11-EU10)) | EZ11: =IF(ISNA(ET11),NA(),Capability!$N$10) | FA11: =IF(ISNA(ET11),NA(),IF(OR(Capability!$Q$10="",Settings!$F$7<>"Y"),NA(),Capability!$Q$10)) | FB11: =IF(ISNA(ET11),NA(),IF(OR(Capability!$P$10="",Settings!$F$7<>"Y"),NA(),Capability!$P$10)) | FC11: =IF(FA$1="","",ROUND(EY$1+FA$1*7.5,4)) | FD11: =IF(FA$1="","",COUNTIFS('Data Entry'!$M$5:$M$10004,">="&(EY$1+FA$1*7),'Data Entry'!$M$5:$M$10004,"<"&(EY$1+FA$1*8))) | FE11: =IF(OR(Capability!$P$10="",FA$1=""),NA(),IF(AND(Capability!$P$10>=(EY$1+FA$1*7),Capability!$P$10<(EY$1+FA$1*8)),FC$1*1.15,NA())) | FF11: =IF(OR(Capability!$Q$10="",FA$1=""),NA(),IF(AND(Capability!$Q$10>=(EY$1+FA$1*7),Capability!$Q$10<(EY$1+FA$1*8)),FC$1*1.15,NA())) | FH11: =IF((FK$1+7)>FI$1,NA(),(FK$1+7)-4) | FI11: =IF((FK$1+7)>FI$1,NA(),INDEX('Data Entry'!$N$5:$N$10004,(FK$1+7)-4)) | FJ11: =IF(ISNA(FH11),NA(),Capability!$K$11) | FK11: =IF(ISNA(FH11),NA(),Capability!$J$11) | FL11: =IF(ISNA(FH11),NA(),Capability!$L$11) | FM11: =IF(OR(ISNA(FI11),ISNA(FI10)),NA(),ABS(FI11-FI10)) | FN11: =IF(ISNA(FH11),NA(),Capability!$N$11) | FO11: =IF(ISNA(FH11),NA(),IF(OR(Capability!$Q$11="",Settings!$F$7<>"Y"),NA(),Capability!$Q$11)) | FP11: =IF(ISNA(FH11),NA(),IF(OR(Capability!$P$11="",Settings!$F$7<>"Y"),NA(),Capability!$P$11)) | FQ11: =IF(FO$1="","",ROUND(FM$1+FO$1*7.5,4)) | FR11: =IF(FO$1="","",COUNTIFS('Data Entry'!$N$5:$N$10004,">="&(FM$1+FO$1*7),'Data Entry'!$N$5:$N$10004,"<"&(FM$1+FO$1*8))) | FS11: =IF(OR(Capability!$P$11="",FO$1=""),NA(),IF(AND(Capability!$P$11>=(FM$1+FO$1*7),Capability!$P$11<(FM$1+FO$1*8)),FQ$1*1.15,NA())) | FT11: =IF(OR(Capability!$Q$11="",FO$1=""),NA(),IF(AND(Capability!$Q$11>=(FM$1+FO$1*7),Capability!$Q$11<(FM$1+FO$1*8)),FQ$1*1.15,NA())) | FV11: =IF((FY$1+7)>FW$1,NA(),(FY$1+7)-4) | FW11: =IF((FY$1+7)>FW$1,NA(),INDEX('Data Entry'!$O$5:$O$10004,(FY$1+7)-4)) | FX11: =IF(ISNA(FV11),NA(),Capability!$K$12) | FY11: =IF(ISNA(FV11),NA(),Capability!$J$12) | FZ11: =IF(ISNA(FV11),NA(),Capability!$L$12) | GA11: =IF(OR(ISNA(FW11),ISNA(FW10)),NA(),ABS(FW11-FW10)) | GB11: =IF(ISNA(FV11),NA(),Capability!$N$12) | GC11: =IF(ISNA(FV11),NA(),IF(OR(Capability!$Q$12="",Settings!$F$7<>"Y"),NA(),Capability!$Q$12)) | GD11: =IF(ISNA(FV11),NA(),IF(OR(Capability!$P$12="",Settings!$F$7<>"Y"),NA(),Capability!$P$12)) | GE11: =IF(GC$1="","",ROUND(GA$1+GC$1*7.5,4)) | GF11: =IF(GC$1="","",COUNTIFS('Data Entry'!$O$5:$O$10004,">="&(GA$1+GC$1*7),'Data Entry'!$O$5:$O$10004,"<"&(GA$1+GC$1*8))) | GG11: =IF(OR(Capability!$P$12="",GC$1=""),NA(),IF(AND(Capability!$P$12>=(GA$1+GC$1*7),Capability!$P$12<(GA$1+GC$1*8)),GE$1*1.15,NA())) | GH11: =IF(OR(Capability!$Q$12="",GC$1=""),NA(),IF(AND(Capability!$Q$12>=(GA$1+GC$1*7),Capability!$Q$12<(GA$1+GC$1*8)),GE$1*1.15,NA())) | GJ11: =IF((GM$1+7)>GK$1,NA(),(GM$1+7)-4) | GK11: =IF((GM$1+7)>GK$1,NA(),INDEX('Data Entry'!$P$5:$P$10004,(GM$1+7)-4)) | GL11: =IF(ISNA(GJ11),NA(),Capability!$K$13) | GM11: =IF(ISNA(GJ11),NA(),Capability!$J$13) | GN11: =IF(ISNA(GJ11),NA(),Capability!$L$13) | GO11: =IF(OR(ISNA(GK11),ISNA(GK10)),NA(),ABS(GK11-GK10)) | GP11: =IF(ISNA(GJ11),NA(),Capability!$N$13) | GQ11: =IF(ISNA(GJ11),NA(),IF(OR(Capability!$Q$13="",Settings!$F$7<>"Y"),NA(),Capability!$Q$13)) | GR11: =IF(ISNA(GJ11),NA(),IF(OR(Capability!$P$13="",Settings!$F$7<>"Y"),NA(),Capability!$P$13)) | GS11: =IF(GQ$1="","",ROUND(GO$1+GQ$1*7.5,4)) | GT11: =IF(GQ$1="","",COUNTIFS('Data Entry'!$P$5:$P$10004,">="&(GO$1+GQ$1*7),'Data Entry'!$P$5:$P$10004,"<"&(GO$1+GQ$1*8))) | GU11: =IF(OR(Capability!$P$13="",GQ$1=""),NA(),IF(AND(Capability!$P$13>=(GO$1+GQ$1*7),Capability!$P$13<(GO$1+GQ$1*8)),GS$1*1.15,NA())) | GV11: =IF(OR(Capability!$Q$13="",GQ$1=""),NA(),IF(AND(Capability!$Q$13>=(GO$1+GQ$1*7),Capability!$Q$13<(GO$1+GQ$1*8)),GS$1*1.15,NA())) | GX11: =IF((HA$1+7)>GY$1,NA(),(HA$1+7)-4) | GY11: =IF((HA$1+7)>GY$1,NA(),INDEX('Data Entry'!$Q$5:$Q$10004,(HA$1+7)-4)) | GZ11: =IF(ISNA(GX11),NA(),Capability!$K$14) | HA11: =IF(ISNA(GX11),NA(),Capability!$J$14) | HB11: =IF(ISNA(GX11),NA(),Capability!$L$14) | HC11: =IF(OR(ISNA(GY11),ISNA(GY10)),NA(),ABS(GY11-GY10)) | HD11: =IF(ISNA(GX11),NA(),Capability!$N$14) | HE11: =IF(ISNA(GX11),NA(),IF(OR(Capability!$Q$14="",Settings!$F$7<>"Y"),NA(),Capability!$Q$14)) | HF11: =IF(ISNA(GX11),NA(),IF(OR(Capability!$P$14="",Settings!$F$7<>"Y"),NA(),Capability!$P$14)) | HG11: =IF(HE$1="","",ROUND(HC$1+HE$1*7.5,4)) | HH11: =IF(HE$1="","",COUNTIFS('Data Entry'!$Q$5:$Q$10004,">="&(HC$1+HE$1*7),'Data Entry'!$Q$5:$Q$10004,"<"&(HC$1+HE$1*8))) | HI11: =IF(OR(Capability!$P$14="",HE$1=""),NA(),IF(AND(Capability!$P$14>=(HC$1+HE$1*7),Capability!$P$14<(HC$1+HE$1*8)),HG$1*1.15,NA())) | HJ11: =IF(OR(Capability!$Q$14="",HE$1=""),NA(),IF(AND(Capability!$Q$14>=(HC$1+HE$1*7),Capability!$Q$14<(HC$1+HE$1*8)),HG$1*1.15,NA()))
A12: Mean | B12: =Capability!C5 | CB12: =IF((CE$1+8)>CC$1,NA(),(CE$1+8)-4) | CC12: =IF((CE$1+8)>CC$1,NA(),INDEX('Data Entry'!$H$5:$H$10004,(CE$1+8)-4)) | CD12: =IF(ISNA(CB12),NA(),Capability!$K$5) | CE12: =IF(ISNA(CB12),NA(),Capability!$J$5) | CF12: =IF(ISNA(CB12),NA(),Capability!$L$5) | CG12: =IF(OR(ISNA(CC12),ISNA(CC11)),NA(),ABS(CC12-CC11)) | CH12: =IF(ISNA(CB12),NA(),Capability!$N$5) | CI12: =IF(ISNA(CB12),NA(),IF(OR(Capability!$Q$5="",Settings!$F$7<>"Y"),NA(),Capability!$Q$5)) | CJ12: =IF(ISNA(CB12),NA(),IF(OR(Capability!$P$5="",Settings!$F$7<>"Y"),NA(),Capability!$P$5)) | CK12: =IF(CI$1="","",ROUND(CG$1+CI$1*8.5,4)) | CL12: =IF(CI$1="","",COUNTIFS('Data Entry'!$H$5:$H$10004,">="&(CG$1+CI$1*8),'Data Entry'!$H$5:$H$10004,"<"&(CG$1+CI$1*9))) | CM12: =IF(OR(Capability!$P$5="",CI$1=""),NA(),IF(AND(Capability!$P$5>=(CG$1+CI$1*8),Capability!$P$5<(CG$1+CI$1*9)),CK$1*1.15,NA())) | CN12: =IF(OR(Capability!$Q$5="",CI$1=""),NA(),IF(AND(Capability!$Q$5>=(CG$1+CI$1*8),Capability!$Q$5<(CG$1+CI$1*9)),CK$1*1.15,NA())) | CP12: =IF((CS$1+8)>CQ$1,NA(),(CS$1+8)-4) | CQ12: =IF((CS$1+8)>CQ$1,NA(),INDEX('Data Entry'!$I$5:$I$10004,(CS$1+8)-4)) | CR12: =IF(ISNA(CP12),NA(),Capability!$K$6) | CS12: =IF(ISNA(CP12),NA(),Capability!$J$6) | CT12: =IF(ISNA(CP12),NA(),Capability!$L$6) | CU12: =IF(OR(ISNA(CQ12),ISNA(CQ11)),NA(),ABS(CQ12-CQ11)) | CV12: =IF(ISNA(CP12),NA(),Capability!$N$6) | CW12: =IF(ISNA(CP12),NA(),IF(OR(Capability!$Q$6="",Settings!$F$7<>"Y"),NA(),Capability!$Q$6)) | CX12: =IF(ISNA(CP12),NA(),IF(OR(Capability!$P$6="",Settings!$F$7<>"Y"),NA(),Capability!$P$6)) | CY12: =IF(CW$1="","",ROUND(CU$1+CW$1*8.5,4)) | CZ12: =IF(CW$1="","",COUNTIFS('Data Entry'!$I$5:$I$10004,">="&(CU$1+CW$1*8),'Data Entry'!$I$5:$I$10004,"<"&(CU$1+CW$1*9))) | DA12: =IF(OR(Capability!$P$6="",CW$1=""),NA(),IF(AND(Capability!$P$6>=(CU$1+CW$1*8),Capability!$P$6<(CU$1+CW$1*9)),CY$1*1.15,NA())) | DB12: =IF(OR(Capability!$Q$6="",CW$1=""),NA(),IF(AND(Capability!$Q$6>=(CU$1+CW$1*8),Capability!$Q$6<(CU$1+CW$1*9)),CY$1*1.15,NA())) | DD12: =IF((DG$1+8)>DE$1,NA(),(DG$1+8)-4) | DE12: =IF((DG$1+8)>DE$1,NA(),INDEX('Data Entry'!$J$5:$J$10004,(DG$1+8)-4)) | DF12: =IF(ISNA(DD12),NA(),Capability!$K$7) | DG12: =IF(ISNA(DD12),NA(),Capability!$J$7) | DH12: =IF(ISNA(DD12),NA(),Capability!$L$7) | DI12: =IF(OR(ISNA(DE12),ISNA(DE11)),NA(),ABS(DE12-DE11)) | DJ12: =IF(ISNA(DD12),NA(),Capability!$N$7) | DK12: =IF(ISNA(DD12),NA(),IF(OR(Capability!$Q$7="",Settings!$F$7<>"Y"),NA(),Capability!$Q$7)) | DL12: =IF(ISNA(DD12),NA(),IF(OR(Capability!$P$7="",Settings!$F$7<>"Y"),NA(),Capability!$P$7)) | DM12: =IF(DK$1="","",ROUND(DI$1+DK$1*8.5,4)) | DN12: =IF(DK$1="","",COUNTIFS('Data Entry'!$J$5:$J$10004,">="&(DI$1+DK$1*8),'Data Entry'!$J$5:$J$10004,"<"&(DI$1+DK$1*9))) | DO12: =IF(OR(Capability!$P$7="",DK$1=""),NA(),IF(AND(Capability!$P$7>=(DI$1+DK$1*8),Capability!$P$7<(DI$1+DK$1*9)),DM$1*1.15,NA())) | DP12: =IF(OR(Capability!$Q$7="",DK$1=""),NA(),IF(AND(Capability!$Q$7>=(DI$1+DK$1*8),Capability!$Q$7<(DI$1+DK$1*9)),DM$1*1.15,NA())) | DR12: =IF((DU$1+8)>DS$1,NA(),(DU$1+8)-4) | DS12: =IF((DU$1+8)>DS$1,NA(),INDEX('Data Entry'!$K$5:$K$10004,(DU$1+8)-4)) | DT12: =IF(ISNA(DR12),NA(),Capability!$K$8) | DU12: =IF(ISNA(DR12),NA(),Capability!$J$8) | DV12: =IF(ISNA(DR12),NA(),Capability!$L$8) | DW12: =IF(OR(ISNA(DS12),ISNA(DS11)),NA(),ABS(DS12-DS11)) | DX12: =IF(ISNA(DR12),NA(),Capability!$N$8) | DY12: =IF(ISNA(DR12),NA(),IF(OR(Capability!$Q$8="",Settings!$F$7<>"Y"),NA(),Capability!$Q$8)) | DZ12: =IF(ISNA(DR12),NA(),IF(OR(Capability!$P$8="",Settings!$F$7<>"Y"),NA(),Capability!$P$8)) | EA12: =IF(DY$1="","",ROUND(DW$1+DY$1*8.5,4)) | EB12: =IF(DY$1="","",COUNTIFS('Data Entry'!$K$5:$K$10004,">="&(DW$1+DY$1*8),'Data Entry'!$K$5:$K$10004,"<"&(DW$1+DY$1*9))) | EC12: =IF(OR(Capability!$P$8="",DY$1=""),NA(),IF(AND(Capability!$P$8>=(DW$1+DY$1*8),Capability!$P$8<(DW$1+DY$1*9)),EA$1*1.15,NA())) | ED12: =IF(OR(Capability!$Q$8="",DY$1=""),NA(),IF(AND(Capability!$Q$8>=(DW$1+DY$1*8),Capability!$Q$8<(DW$1+DY$1*9)),EA$1*1.15,NA())) | EF12: =IF((EI$1+8)>EG$1,NA(),(EI$1+8)-4) | EG12: =IF((EI$1+8)>EG$1,NA(),INDEX('Data Entry'!$L$5:$L$10004,(EI$1+8)-4)) | EH12: =IF(ISNA(EF12),NA(),Capability!$K$9) | EI12: =IF(ISNA(EF12),NA(),Capability!$J$9) | EJ12: =IF(ISNA(EF12),NA(),Capability!$L$9) | EK12: =IF(OR(ISNA(EG12),ISNA(EG11)),NA(),ABS(EG12-EG11)) | EL12: =IF(ISNA(EF12),NA(),Capability!$N$9) | EM12: =IF(ISNA(EF12),NA(),IF(OR(Capability!$Q$9="",Settings!$F$7<>"Y"),NA(),Capability!$Q$9)) | EN12: =IF(ISNA(EF12),NA(),IF(OR(Capability!$P$9="",Settings!$F$7<>"Y"),NA(),Capability!$P$9)) | EO12: =IF(EM$1="","",ROUND(EK$1+EM$1*8.5,4)) | EP12: =IF(EM$1="","",COUNTIFS('Data Entry'!$L$5:$L$10004,">="&(EK$1+EM$1*8),'Data Entry'!$L$5:$L$10004,"<"&(EK$1+EM$1*9))) | EQ12: =IF(OR(Capability!$P$9="",EM$1=""),NA(),IF(AND(Capability!$P$9>=(EK$1+EM$1*8),Capability!$P$9<(EK$1+EM$1*9)),EO$1*1.15,NA())) | ER12: =IF(OR(Capability!$Q$9="",EM$1=""),NA(),IF(AND(Capability!$Q$9>=(EK$1+EM$1*8),Capability!$Q$9<(EK$1+EM$1*9)),EO$1*1.15,NA())) | ET12: =IF((EW$1+8)>EU$1,NA(),(EW$1+8)-4) | EU12: =IF((EW$1+8)>EU$1,NA(),INDEX('Data Entry'!$M$5:$M$10004,(EW$1+8)-4)) | EV12: =IF(ISNA(ET12),NA(),Capability!$K$10) | EW12: =IF(ISNA(ET12),NA(),Capability!$J$10) | EX12: =IF(ISNA(ET12),NA(),Capability!$L$10) | EY12: =IF(OR(ISNA(EU12),ISNA(EU11)),NA(),ABS(EU12-EU11)) | EZ12: =IF(ISNA(ET12),NA(),Capability!$N$10) | FA12: =IF(ISNA(ET12),NA(),IF(OR(Capability!$Q$10="",Settings!$F$7<>"Y"),NA(),Capability!$Q$10)) | FB12: =IF(ISNA(ET12),NA(),IF(OR(Capability!$P$10="",Settings!$F$7<>"Y"),NA(),Capability!$P$10)) | FC12: =IF(FA$1="","",ROUND(EY$1+FA$1*8.5,4)) | FD12: =IF(FA$1="","",COUNTIFS('Data Entry'!$M$5:$M$10004,">="&(EY$1+FA$1*8),'Data Entry'!$M$5:$M$10004,"<"&(EY$1+FA$1*9))) | FE12: =IF(OR(Capability!$P$10="",FA$1=""),NA(),IF(AND(Capability!$P$10>=(EY$1+FA$1*8),Capability!$P$10<(EY$1+FA$1*9)),FC$1*1.15,NA())) | FF12: =IF(OR(Capability!$Q$10="",FA$1=""),NA(),IF(AND(Capability!$Q$10>=(EY$1+FA$1*8),Capability!$Q$10<(EY$1+FA$1*9)),FC$1*1.15,NA())) | FH12: =IF((FK$1+8)>FI$1,NA(),(FK$1+8)-4) | FI12: =IF((FK$1+8)>FI$1,NA(),INDEX('Data Entry'!$N$5:$N$10004,(FK$1+8)-4)) | FJ12: =IF(ISNA(FH12),NA(),Capability!$K$11) | FK12: =IF(ISNA(FH12),NA(),Capability!$J$11) | FL12: =IF(ISNA(FH12),NA(),Capability!$L$11) | FM12: =IF(OR(ISNA(FI12),ISNA(FI11)),NA(),ABS(FI12-FI11)) | FN12: =IF(ISNA(FH12),NA(),Capability!$N$11) | FO12: =IF(ISNA(FH12),NA(),IF(OR(Capability!$Q$11="",Settings!$F$7<>"Y"),NA(),Capability!$Q$11)) | FP12: =IF(ISNA(FH12),NA(),IF(OR(Capability!$P$11="",Settings!$F$7<>"Y"),NA(),Capability!$P$11)) | FQ12: =IF(FO$1="","",ROUND(FM$1+FO$1*8.5,4)) | FR12: =IF(FO$1="","",COUNTIFS('Data Entry'!$N$5:$N$10004,">="&(FM$1+FO$1*8),'Data Entry'!$N$5:$N$10004,"<"&(FM$1+FO$1*9))) | FS12: =IF(OR(Capability!$P$11="",FO$1=""),NA(),IF(AND(Capability!$P$11>=(FM$1+FO$1*8),Capability!$P$11<(FM$1+FO$1*9)),FQ$1*1.15,NA())) | FT12: =IF(OR(Capability!$Q$11="",FO$1=""),NA(),IF(AND(Capability!$Q$11>=(FM$1+FO$1*8),Capability!$Q$11<(FM$1+FO$1*9)),FQ$1*1.15,NA())) | FV12: =IF((FY$1+8)>FW$1,NA(),(FY$1+8)-4) | FW12: =IF((FY$1+8)>FW$1,NA(),INDEX('Data Entry'!$O$5:$O$10004,(FY$1+8)-4)) | FX12: =IF(ISNA(FV12),NA(),Capability!$K$12) | FY12: =IF(ISNA(FV12),NA(),Capability!$J$12) | FZ12: =IF(ISNA(FV12),NA(),Capability!$L$12) | GA12: =IF(OR(ISNA(FW12),ISNA(FW11)),NA(),ABS(FW12-FW11)) | GB12: =IF(ISNA(FV12),NA(),Capability!$N$12) | GC12: =IF(ISNA(FV12),NA(),IF(OR(Capability!$Q$12="",Settings!$F$7<>"Y"),NA(),Capability!$Q$12)) | GD12: =IF(ISNA(FV12),NA(),IF(OR(Capability!$P$12="",Settings!$F$7<>"Y"),NA(),Capability!$P$12)) | GE12: =IF(GC$1="","",ROUND(GA$1+GC$1*8.5,4)) | GF12: =IF(GC$1="","",COUNTIFS('Data Entry'!$O$5:$O$10004,">="&(GA$1+GC$1*8),'Data Entry'!$O$5:$O$10004,"<"&(GA$1+GC$1*9))) | GG12: =IF(OR(Capability!$P$12="",GC$1=""),NA(),IF(AND(Capability!$P$12>=(GA$1+GC$1*8),Capability!$P$12<(GA$1+GC$1*9)),GE$1*1.15,NA())) | GH12: =IF(OR(Capability!$Q$12="",GC$1=""),NA(),IF(AND(Capability!$Q$12>=(GA$1+GC$1*8),Capability!$Q$12<(GA$1+GC$1*9)),GE$1*1.15,NA())) | GJ12: =IF((GM$1+8)>GK$1,NA(),(GM$1+8)-4) | GK12: =IF((GM$1+8)>GK$1,NA(),INDEX('Data Entry'!$P$5:$P$10004,(GM$1+8)-4)) | GL12: =IF(ISNA(GJ12),NA(),Capability!$K$13) | GM12: =IF(ISNA(GJ12),NA(),Capability!$J$13) | GN12: =IF(ISNA(GJ12),NA(),Capability!$L$13) | GO12: =IF(OR(ISNA(GK12),ISNA(GK11)),NA(),ABS(GK12-GK11)) | GP12: =IF(ISNA(GJ12),NA(),Capability!$N$13) | GQ12: =IF(ISNA(GJ12),NA(),IF(OR(Capability!$Q$13="",Settings!$F$7<>"Y"),NA(),Capability!$Q$13)) | GR12: =IF(ISNA(GJ12),NA(),IF(OR(Capability!$P$13="",Settings!$F$7<>"Y"),NA(),Capability!$P$13)) | GS12: =IF(GQ$1="","",ROUND(GO$1+GQ$1*8.5,4)) | GT12: =IF(GQ$1="","",COUNTIFS('Data Entry'!$P$5:$P$10004,">="&(GO$1+GQ$1*8),'Data Entry'!$P$5:$P$10004,"<"&(GO$1+GQ$1*9))) | GU12: =IF(OR(Capability!$P$13="",GQ$1=""),NA(),IF(AND(Capability!$P$13>=(GO$1+GQ$1*8),Capability!$P$13<(GO$1+GQ$1*9)),GS$1*1.15,NA())) | GV12: =IF(OR(Capability!$Q$13="",GQ$1=""),NA(),IF(AND(Capability!$Q$13>=(GO$1+GQ$1*8),Capability!$Q$13<(GO$1+GQ$1*9)),GS$1*1.15,NA())) | GX12: =IF((HA$1+8)>GY$1,NA(),(HA$1+8)-4) | GY12: =IF((HA$1+8)>GY$1,NA(),INDEX('Data Entry'!$Q$5:$Q$10004,(HA$1+8)-4)) | GZ12: =IF(ISNA(GX12),NA(),Capability!$K$14) | HA12: =IF(ISNA(GX12),NA(),Capability!$J$14) | HB12: =IF(ISNA(GX12),NA(),Capability!$L$14) | HC12: =IF(OR(ISNA(GY12),ISNA(GY11)),NA(),ABS(GY12-GY11)) | HD12: =IF(ISNA(GX12),NA(),Capability!$N$14) | HE12: =IF(ISNA(GX12),NA(),IF(OR(Capability!$Q$14="",Settings!$F$7<>"Y"),NA(),Capability!$Q$14)) | HF12: =IF(ISNA(GX12),NA(),IF(OR(Capability!$P$14="",Settings!$F$7<>"Y"),NA(),Capability!$P$14)) | HG12: =IF(HE$1="","",ROUND(HC$1+HE$1*8.5,4)) | HH12: =IF(HE$1="","",COUNTIFS('Data Entry'!$Q$5:$Q$10004,">="&(HC$1+HE$1*8),'Data Entry'!$Q$5:$Q$10004,"<"&(HC$1+HE$1*9))) | HI12: =IF(OR(Capability!$P$14="",HE$1=""),NA(),IF(AND(Capability!$P$14>=(HC$1+HE$1*8),Capability!$P$14<(HC$1+HE$1*9)),HG$1*1.15,NA())) | HJ12: =IF(OR(Capability!$Q$14="",HE$1=""),NA(),IF(AND(Capability!$Q$14>=(HC$1+HE$1*8),Capability!$Q$14<(HC$1+HE$1*9)),HG$1*1.15,NA()))
A13: Median | B13: =Capability!D5 | CB13: =IF((CE$1+9)>CC$1,NA(),(CE$1+9)-4) | CC13: =IF((CE$1+9)>CC$1,NA(),INDEX('Data Entry'!$H$5:$H$10004,(CE$1+9)-4)) | CD13: =IF(ISNA(CB13),NA(),Capability!$K$5) | CE13: =IF(ISNA(CB13),NA(),Capability!$J$5) | CF13: =IF(ISNA(CB13),NA(),Capability!$L$5) | CG13: =IF(OR(ISNA(CC13),ISNA(CC12)),NA(),ABS(CC13-CC12)) | CH13: =IF(ISNA(CB13),NA(),Capability!$N$5) | CI13: =IF(ISNA(CB13),NA(),IF(OR(Capability!$Q$5="",Settings!$F$7<>"Y"),NA(),Capability!$Q$5)) | CJ13: =IF(ISNA(CB13),NA(),IF(OR(Capability!$P$5="",Settings!$F$7<>"Y"),NA(),Capability!$P$5)) | CK13: =IF(CI$1="","",ROUND(CG$1+CI$1*9.5,4)) | CL13: =IF(CI$1="","",COUNTIFS('Data Entry'!$H$5:$H$10004,">="&(CG$1+CI$1*9),'Data Entry'!$H$5:$H$10004,"<"&(CG$1+CI$1*10))) | CM13: =IF(OR(Capability!$P$5="",CI$1=""),NA(),IF(AND(Capability!$P$5>=(CG$1+CI$1*9),Capability!$P$5<(CG$1+CI$1*10)),CK$1*1.15,NA())) | CN13: =IF(OR(Capability!$Q$5="",CI$1=""),NA(),IF(AND(Capability!$Q$5>=(CG$1+CI$1*9),Capability!$Q$5<(CG$1+CI$1*10)),CK$1*1.15,NA())) | CP13: =IF((CS$1+9)>CQ$1,NA(),(CS$1+9)-4) | CQ13: =IF((CS$1+9)>CQ$1,NA(),INDEX('Data Entry'!$I$5:$I$10004,(CS$1+9)-4)) | CR13: =IF(ISNA(CP13),NA(),Capability!$K$6) | CS13: =IF(ISNA(CP13),NA(),Capability!$J$6) | CT13: =IF(ISNA(CP13),NA(),Capability!$L$6) | CU13: =IF(OR(ISNA(CQ13),ISNA(CQ12)),NA(),ABS(CQ13-CQ12)) | CV13: =IF(ISNA(CP13),NA(),Capability!$N$6) | CW13: =IF(ISNA(CP13),NA(),IF(OR(Capability!$Q$6="",Settings!$F$7<>"Y"),NA(),Capability!$Q$6)) | CX13: =IF(ISNA(CP13),NA(),IF(OR(Capability!$P$6="",Settings!$F$7<>"Y"),NA(),Capability!$P$6)) | CY13: =IF(CW$1="","",ROUND(CU$1+CW$1*9.5,4)) | CZ13: =IF(CW$1="","",COUNTIFS('Data Entry'!$I$5:$I$10004,">="&(CU$1+CW$1*9),'Data Entry'!$I$5:$I$10004,"<"&(CU$1+CW$1*10))) | DA13: =IF(OR(Capability!$P$6="",CW$1=""),NA(),IF(AND(Capability!$P$6>=(CU$1+CW$1*9),Capability!$P$6<(CU$1+CW$1*10)),CY$1*1.15,NA())) | DB13: =IF(OR(Capability!$Q$6="",CW$1=""),NA(),IF(AND(Capability!$Q$6>=(CU$1+CW$1*9),Capability!$Q$6<(CU$1+CW$1*10)),CY$1*1.15,NA())) | DD13: =IF((DG$1+9)>DE$1,NA(),(DG$1+9)-4) | DE13: =IF((DG$1+9)>DE$1,NA(),INDEX('Data Entry'!$J$5:$J$10004,(DG$1+9)-4)) | DF13: =IF(ISNA(DD13),NA(),Capability!$K$7) | DG13: =IF(ISNA(DD13),NA(),Capability!$J$7) | DH13: =IF(ISNA(DD13),NA(),Capability!$L$7) | DI13: =IF(OR(ISNA(DE13),ISNA(DE12)),NA(),ABS(DE13-DE12)) | DJ13: =IF(ISNA(DD13),NA(),Capability!$N$7) | DK13: =IF(ISNA(DD13),NA(),IF(OR(Capability!$Q$7="",Settings!$F$7<>"Y"),NA(),Capability!$Q$7)) | DL13: =IF(ISNA(DD13),NA(),IF(OR(Capability!$P$7="",Settings!$F$7<>"Y"),NA(),Capability!$P$7)) | DM13: =IF(DK$1="","",ROUND(DI$1+DK$1*9.5,4)) | DN13: =IF(DK$1="","",COUNTIFS('Data Entry'!$J$5:$J$10004,">="&(DI$1+DK$1*9),'Data Entry'!$J$5:$J$10004,"<"&(DI$1+DK$1*10))) | DO13: =IF(OR(Capability!$P$7="",DK$1=""),NA(),IF(AND(Capability!$P$7>=(DI$1+DK$1*9),Capability!$P$7<(DI$1+DK$1*10)),DM$1*1.15,NA())) | DP13: =IF(OR(Capability!$Q$7="",DK$1=""),NA(),IF(AND(Capability!$Q$7>=(DI$1+DK$1*9),Capability!$Q$7<(DI$1+DK$1*10)),DM$1*1.15,NA())) | DR13: =IF((DU$1+9)>DS$1,NA(),(DU$1+9)-4) | DS13: =IF((DU$1+9)>DS$1,NA(),INDEX('Data Entry'!$K$5:$K$10004,(DU$1+9)-4)) | DT13: =IF(ISNA(DR13),NA(),Capability!$K$8) | DU13: =IF(ISNA(DR13),NA(),Capability!$J$8) | DV13: =IF(ISNA(DR13),NA(),Capability!$L$8) | DW13: =IF(OR(ISNA(DS13),ISNA(DS12)),NA(),ABS(DS13-DS12)) | DX13: =IF(ISNA(DR13),NA(),Capability!$N$8) | DY13: =IF(ISNA(DR13),NA(),IF(OR(Capability!$Q$8="",Settings!$F$7<>"Y"),NA(),Capability!$Q$8)) | DZ13: =IF(ISNA(DR13),NA(),IF(OR(Capability!$P$8="",Settings!$F$7<>"Y"),NA(),Capability!$P$8)) | EA13: =IF(DY$1="","",ROUND(DW$1+DY$1*9.5,4)) | EB13: =IF(DY$1="","",COUNTIFS('Data Entry'!$K$5:$K$10004,">="&(DW$1+DY$1*9),'Data Entry'!$K$5:$K$10004,"<"&(DW$1+DY$1*10))) | EC13: =IF(OR(Capability!$P$8="",DY$1=""),NA(),IF(AND(Capability!$P$8>=(DW$1+DY$1*9),Capability!$P$8<(DW$1+DY$1*10)),EA$1*1.15,NA())) | ED13: =IF(OR(Capability!$Q$8="",DY$1=""),NA(),IF(AND(Capability!$Q$8>=(DW$1+DY$1*9),Capability!$Q$8<(DW$1+DY$1*10)),EA$1*1.15,NA())) | EF13: =IF((EI$1+9)>EG$1,NA(),(EI$1+9)-4) | EG13: =IF((EI$1+9)>EG$1,NA(),INDEX('Data Entry'!$L$5:$L$10004,(EI$1+9)-4)) | EH13: =IF(ISNA(EF13),NA(),Capability!$K$9) | EI13: =IF(ISNA(EF13),NA(),Capability!$J$9) | EJ13: =IF(ISNA(EF13),NA(),Capability!$L$9) | EK13: =IF(OR(ISNA(EG13),ISNA(EG12)),NA(),ABS(EG13-EG12)) | EL13: =IF(ISNA(EF13),NA(),Capability!$N$9) | EM13: =IF(ISNA(EF13),NA(),IF(OR(Capability!$Q$9="",Settings!$F$7<>"Y"),NA(),Capability!$Q$9)) | EN13: =IF(ISNA(EF13),NA(),IF(OR(Capability!$P$9="",Settings!$F$7<>"Y"),NA(),Capability!$P$9)) | EO13: =IF(EM$1="","",ROUND(EK$1+EM$1*9.5,4)) | EP13: =IF(EM$1="","",COUNTIFS('Data Entry'!$L$5:$L$10004,">="&(EK$1+EM$1*9),'Data Entry'!$L$5:$L$10004,"<"&(EK$1+EM$1*10))) | EQ13: =IF(OR(Capability!$P$9="",EM$1=""),NA(),IF(AND(Capability!$P$9>=(EK$1+EM$1*9),Capability!$P$9<(EK$1+EM$1*10)),EO$1*1.15,NA())) | ER13: =IF(OR(Capability!$Q$9="",EM$1=""),NA(),IF(AND(Capability!$Q$9>=(EK$1+EM$1*9),Capability!$Q$9<(EK$1+EM$1*10)),EO$1*1.15,NA())) | ET13: =IF((EW$1+9)>EU$1,NA(),(EW$1+9)-4) | EU13: =IF((EW$1+9)>EU$1,NA(),INDEX('Data Entry'!$M$5:$M$10004,(EW$1+9)-4)) | EV13: =IF(ISNA(ET13),NA(),Capability!$K$10) | EW13: =IF(ISNA(ET13),NA(),Capability!$J$10) | EX13: =IF(ISNA(ET13),NA(),Capability!$L$10) | EY13: =IF(OR(ISNA(EU13),ISNA(EU12)),NA(),ABS(EU13-EU12)) | EZ13: =IF(ISNA(ET13),NA(),Capability!$N$10) | FA13: =IF(ISNA(ET13),NA(),IF(OR(Capability!$Q$10="",Settings!$F$7<>"Y"),NA(),Capability!$Q$10)) | FB13: =IF(ISNA(ET13),NA(),IF(OR(Capability!$P$10="",Settings!$F$7<>"Y"),NA(),Capability!$P$10)) | FC13: =IF(FA$1="","",ROUND(EY$1+FA$1*9.5,4)) | FD13: =IF(FA$1="","",COUNTIFS('Data Entry'!$M$5:$M$10004,">="&(EY$1+FA$1*9),'Data Entry'!$M$5:$M$10004,"<"&(EY$1+FA$1*10))) | FE13: =IF(OR(Capability!$P$10="",FA$1=""),NA(),IF(AND(Capability!$P$10>=(EY$1+FA$1*9),Capability!$P$10<(EY$1+FA$1*10)),FC$1*1.15,NA())) | FF13: =IF(OR(Capability!$Q$10="",FA$1=""),NA(),IF(AND(Capability!$Q$10>=(EY$1+FA$1*9),Capability!$Q$10<(EY$1+FA$1*10)),FC$1*1.15,NA())) | FH13: =IF((FK$1+9)>FI$1,NA(),(FK$1+9)-4) | FI13: =IF((FK$1+9)>FI$1,NA(),INDEX('Data Entry'!$N$5:$N$10004,(FK$1+9)-4)) | FJ13: =IF(ISNA(FH13),NA(),Capability!$K$11) | FK13: =IF(ISNA(FH13),NA(),Capability!$J$11) | FL13: =IF(ISNA(FH13),NA(),Capability!$L$11) | FM13: =IF(OR(ISNA(FI13),ISNA(FI12)),NA(),ABS(FI13-FI12)) | FN13: =IF(ISNA(FH13),NA(),Capability!$N$11) | FO13: =IF(ISNA(FH13),NA(),IF(OR(Capability!$Q$11="",Settings!$F$7<>"Y"),NA(),Capability!$Q$11)) | FP13: =IF(ISNA(FH13),NA(),IF(OR(Capability!$P$11="",Settings!$F$7<>"Y"),NA(),Capability!$P$11)) | FQ13: =IF(FO$1="","",ROUND(FM$1+FO$1*9.5,4)) | FR13: =IF(FO$1="","",COUNTIFS('Data Entry'!$N$5:$N$10004,">="&(FM$1+FO$1*9),'Data Entry'!$N$5:$N$10004,"<"&(FM$1+FO$1*10))) | FS13: =IF(OR(Capability!$P$11="",FO$1=""),NA(),IF(AND(Capability!$P$11>=(FM$1+FO$1*9),Capability!$P$11<(FM$1+FO$1*10)),FQ$1*1.15,NA())) | FT13: =IF(OR(Capability!$Q$11="",FO$1=""),NA(),IF(AND(Capability!$Q$11>=(FM$1+FO$1*9),Capability!$Q$11<(FM$1+FO$1*10)),FQ$1*1.15,NA())) | FV13: =IF((FY$1+9)>FW$1,NA(),(FY$1+9)-4) | FW13: =IF((FY$1+9)>FW$1,NA(),INDEX('Data Entry'!$O$5:$O$10004,(FY$1+9)-4)) | FX13: =IF(ISNA(FV13),NA(),Capability!$K$12) | FY13: =IF(ISNA(FV13),NA(),Capability!$J$12) | FZ13: =IF(ISNA(FV13),NA(),Capability!$L$12) | GA13: =IF(OR(ISNA(FW13),ISNA(FW12)),NA(),ABS(FW13-FW12)) | GB13: =IF(ISNA(FV13),NA(),Capability!$N$12) | GC13: =IF(ISNA(FV13),NA(),IF(OR(Capability!$Q$12="",Settings!$F$7<>"Y"),NA(),Capability!$Q$12)) | GD13: =IF(ISNA(FV13),NA(),IF(OR(Capability!$P$12="",Settings!$F$7<>"Y"),NA(),Capability!$P$12)) | GE13: =IF(GC$1="","",ROUND(GA$1+GC$1*9.5,4)) | GF13: =IF(GC$1="","",COUNTIFS('Data Entry'!$O$5:$O$10004,">="&(GA$1+GC$1*9),'Data Entry'!$O$5:$O$10004,"<"&(GA$1+GC$1*10))) | GG13: =IF(OR(Capability!$P$12="",GC$1=""),NA(),IF(AND(Capability!$P$12>=(GA$1+GC$1*9),Capability!$P$12<(GA$1+GC$1*10)),GE$1*1.15,NA())) | GH13: =IF(OR(Capability!$Q$12="",GC$1=""),NA(),IF(AND(Capability!$Q$12>=(GA$1+GC$1*9),Capability!$Q$12<(GA$1+GC$1*10)),GE$1*1.15,NA())) | GJ13: =IF((GM$1+9)>GK$1,NA(),(GM$1+9)-4) | GK13: =IF((GM$1+9)>GK$1,NA(),INDEX('Data Entry'!$P$5:$P$10004,(GM$1+9)-4)) | GL13: =IF(ISNA(GJ13),NA(),Capability!$K$13) | GM13: =IF(ISNA(GJ13),NA(),Capability!$J$13) | GN13: =IF(ISNA(GJ13),NA(),Capability!$L$13) | GO13: =IF(OR(ISNA(GK13),ISNA(GK12)),NA(),ABS(GK13-GK12)) | GP13: =IF(ISNA(GJ13),NA(),Capability!$N$13) | GQ13: =IF(ISNA(GJ13),NA(),IF(OR(Capability!$Q$13="",Settings!$F$7<>"Y"),NA(),Capability!$Q$13)) | GR13: =IF(ISNA(GJ13),NA(),IF(OR(Capability!$P$13="",Settings!$F$7<>"Y"),NA(),Capability!$P$13)) | GS13: =IF(GQ$1="","",ROUND(GO$1+GQ$1*9.5,4)) | GT13: =IF(GQ$1="","",COUNTIFS('Data Entry'!$P$5:$P$10004,">="&(GO$1+GQ$1*9),'Data Entry'!$P$5:$P$10004,"<"&(GO$1+GQ$1*10))) | GU13: =IF(OR(Capability!$P$13="",GQ$1=""),NA(),IF(AND(Capability!$P$13>=(GO$1+GQ$1*9),Capability!$P$13<(GO$1+GQ$1*10)),GS$1*1.15,NA())) | GV13: =IF(OR(Capability!$Q$13="",GQ$1=""),NA(),IF(AND(Capability!$Q$13>=(GO$1+GQ$1*9),Capability!$Q$13<(GO$1+GQ$1*10)),GS$1*1.15,NA())) | GX13: =IF((HA$1+9)>GY$1,NA(),(HA$1+9)-4) | GY13: =IF((HA$1+9)>GY$1,NA(),INDEX('Data Entry'!$Q$5:$Q$10004,(HA$1+9)-4)) | GZ13: =IF(ISNA(GX13),NA(),Capability!$K$14) | HA13: =IF(ISNA(GX13),NA(),Capability!$J$14) | HB13: =IF(ISNA(GX13),NA(),Capability!$L$14) | HC13: =IF(OR(ISNA(GY13),ISNA(GY12)),NA(),ABS(GY13-GY12)) | HD13: =IF(ISNA(GX13),NA(),Capability!$N$14) | HE13: =IF(ISNA(GX13),NA(),IF(OR(Capability!$Q$14="",Settings!$F$7<>"Y"),NA(),Capability!$Q$14)) | HF13: =IF(ISNA(GX13),NA(),IF(OR(Capability!$P$14="",Settings!$F$7<>"Y"),NA(),Capability!$P$14)) | HG13: =IF(HE$1="","",ROUND(HC$1+HE$1*9.5,4)) | HH13: =IF(HE$1="","",COUNTIFS('Data Entry'!$Q$5:$Q$10004,">="&(HC$1+HE$1*9),'Data Entry'!$Q$5:$Q$10004,"<"&(HC$1+HE$1*10))) | HI13: =IF(OR(Capability!$P$14="",HE$1=""),NA(),IF(AND(Capability!$P$14>=(HC$1+HE$1*9),Capability!$P$14<(HC$1+HE$1*10)),HG$1*1.15,NA())) | HJ13: =IF(OR(Capability!$Q$14="",HE$1=""),NA(),IF(AND(Capability!$Q$14>=(HC$1+HE$1*9),Capability!$Q$14<(HC$1+HE$1*10)),HG$1*1.15,NA()))
A14: Std Dev (overall) | B14: =Capability!I5 | CB14: =IF((CE$1+10)>CC$1,NA(),(CE$1+10)-4) | CC14: =IF((CE$1+10)>CC$1,NA(),INDEX('Data Entry'!$H$5:$H$10004,(CE$1+10)-4)) | CD14: =IF(ISNA(CB14),NA(),Capability!$K$5) | CE14: =IF(ISNA(CB14),NA(),Capability!$J$5) | CF14: =IF(ISNA(CB14),NA(),Capability!$L$5) | CG14: =IF(OR(ISNA(CC14),ISNA(CC13)),NA(),ABS(CC14-CC13)) | CH14: =IF(ISNA(CB14),NA(),Capability!$N$5) | CI14: =IF(ISNA(CB14),NA(),IF(OR(Capability!$Q$5="",Settings!$F$7<>"Y"),NA(),Capability!$Q$5)) | CJ14: =IF(ISNA(CB14),NA(),IF(OR(Capability!$P$5="",Settings!$F$7<>"Y"),NA(),Capability!$P$5)) | CK14: =IF(CI$1="","",ROUND(CG$1+CI$1*10.5,4)) | CL14: =IF(CI$1="","",COUNTIFS('Data Entry'!$H$5:$H$10004,">="&(CG$1+CI$1*10),'Data Entry'!$H$5:$H$10004,"<"&(CG$1+CI$1*11))) | CM14: =IF(OR(Capability!$P$5="",CI$1=""),NA(),IF(AND(Capability!$P$5>=(CG$1+CI$1*10),Capability!$P$5<(CG$1+CI$1*11)),CK$1*1.15,NA())) | CN14: =IF(OR(Capability!$Q$5="",CI$1=""),NA(),IF(AND(Capability!$Q$5>=(CG$1+CI$1*10),Capability!$Q$5<(CG$1+CI$1*11)),CK$1*1.15,NA())) | CP14: =IF((CS$1+10)>CQ$1,NA(),(CS$1+10)-4) | CQ14: =IF((CS$1+10)>CQ$1,NA(),INDEX('Data Entry'!$I$5:$I$10004,(CS$1+10)-4)) | CR14: =IF(ISNA(CP14),NA(),Capability!$K$6) | CS14: =IF(ISNA(CP14),NA(),Capability!$J$6) | CT14: =IF(ISNA(CP14),NA(),Capability!$L$6) | CU14: =IF(OR(ISNA(CQ14),ISNA(CQ13)),NA(),ABS(CQ14-CQ13)) | CV14: =IF(ISNA(CP14),NA(),Capability!$N$6) | CW14: =IF(ISNA(CP14),NA(),IF(OR(Capability!$Q$6="",Settings!$F$7<>"Y"),NA(),Capability!$Q$6)) | CX14: =IF(ISNA(CP14),NA(),IF(OR(Capability!$P$6="",Settings!$F$7<>"Y"),NA(),Capability!$P$6)) | CY14: =IF(CW$1="","",ROUND(CU$1+CW$1*10.5,4)) | CZ14: =IF(CW$1="","",COUNTIFS('Data Entry'!$I$5:$I$10004,">="&(CU$1+CW$1*10),'Data Entry'!$I$5:$I$10004,"<"&(CU$1+CW$1*11))) | DA14: =IF(OR(Capability!$P$6="",CW$1=""),NA(),IF(AND(Capability!$P$6>=(CU$1+CW$1*10),Capability!$P$6<(CU$1+CW$1*11)),CY$1*1.15,NA())) | DB14: =IF(OR(Capability!$Q$6="",CW$1=""),NA(),IF(AND(Capability!$Q$6>=(CU$1+CW$1*10),Capability!$Q$6<(CU$1+CW$1*11)),CY$1*1.15,NA())) | DD14: =IF((DG$1+10)>DE$1,NA(),(DG$1+10)-4) | DE14: =IF((DG$1+10)>DE$1,NA(),INDEX('Data Entry'!$J$5:$J$10004,(DG$1+10)-4)) | DF14: =IF(ISNA(DD14),NA(),Capability!$K$7) | DG14: =IF(ISNA(DD14),NA(),Capability!$J$7) | DH14: =IF(ISNA(DD14),NA(),Capability!$L$7) | DI14: =IF(OR(ISNA(DE14),ISNA(DE13)),NA(),ABS(DE14-DE13)) | DJ14: =IF(ISNA(DD14),NA(),Capability!$N$7) | DK14: =IF(ISNA(DD14),NA(),IF(OR(Capability!$Q$7="",Settings!$F$7<>"Y"),NA(),Capability!$Q$7)) | DL14: =IF(ISNA(DD14),NA(),IF(OR(Capability!$P$7="",Settings!$F$7<>"Y"),NA(),Capability!$P$7)) | DM14: =IF(DK$1="","",ROUND(DI$1+DK$1*10.5,4)) | DN14: =IF(DK$1="","",COUNTIFS('Data Entry'!$J$5:$J$10004,">="&(DI$1+DK$1*10),'Data Entry'!$J$5:$J$10004,"<"&(DI$1+DK$1*11))) | DO14: =IF(OR(Capability!$P$7="",DK$1=""),NA(),IF(AND(Capability!$P$7>=(DI$1+DK$1*10),Capability!$P$7<(DI$1+DK$1*11)),DM$1*1.15,NA())) | DP14: =IF(OR(Capability!$Q$7="",DK$1=""),NA(),IF(AND(Capability!$Q$7>=(DI$1+DK$1*10),Capability!$Q$7<(DI$1+DK$1*11)),DM$1*1.15,NA())) | DR14: =IF((DU$1+10)>DS$1,NA(),(DU$1+10)-4) | DS14: =IF((DU$1+10)>DS$1,NA(),INDEX('Data Entry'!$K$5:$K$10004,(DU$1+10)-4)) | DT14: =IF(ISNA(DR14),NA(),Capability!$K$8) | DU14: =IF(ISNA(DR14),NA(),Capability!$J$8) | DV14: =IF(ISNA(DR14),NA(),Capability!$L$8) | DW14: =IF(OR(ISNA(DS14),ISNA(DS13)),NA(),ABS(DS14-DS13)) | DX14: =IF(ISNA(DR14),NA(),Capability!$N$8) | DY14: =IF(ISNA(DR14),NA(),IF(OR(Capability!$Q$8="",Settings!$F$7<>"Y"),NA(),Capability!$Q$8)) | DZ14: =IF(ISNA(DR14),NA(),IF(OR(Capability!$P$8="",Settings!$F$7<>"Y"),NA(),Capability!$P$8)) | EA14: =IF(DY$1="","",ROUND(DW$1+DY$1*10.5,4)) | EB14: =IF(DY$1="","",COUNTIFS('Data Entry'!$K$5:$K$10004,">="&(DW$1+DY$1*10),'Data Entry'!$K$5:$K$10004,"<"&(DW$1+DY$1*11))) | EC14: =IF(OR(Capability!$P$8="",DY$1=""),NA(),IF(AND(Capability!$P$8>=(DW$1+DY$1*10),Capability!$P$8<(DW$1+DY$1*11)),EA$1*1.15,NA())) | ED14: =IF(OR(Capability!$Q$8="",DY$1=""),NA(),IF(AND(Capability!$Q$8>=(DW$1+DY$1*10),Capability!$Q$8<(DW$1+DY$1*11)),EA$1*1.15,NA())) | EF14: =IF((EI$1+10)>EG$1,NA(),(EI$1+10)-4) | EG14: =IF((EI$1+10)>EG$1,NA(),INDEX('Data Entry'!$L$5:$L$10004,(EI$1+10)-4)) | EH14: =IF(ISNA(EF14),NA(),Capability!$K$9) | EI14: =IF(ISNA(EF14),NA(),Capability!$J$9) | EJ14: =IF(ISNA(EF14),NA(),Capability!$L$9) | EK14: =IF(OR(ISNA(EG14),ISNA(EG13)),NA(),ABS(EG14-EG13)) | EL14: =IF(ISNA(EF14),NA(),Capability!$N$9) | EM14: =IF(ISNA(EF14),NA(),IF(OR(Capability!$Q$9="",Settings!$F$7<>"Y"),NA(),Capability!$Q$9)) | EN14: =IF(ISNA(EF14),NA(),IF(OR(Capability!$P$9="",Settings!$F$7<>"Y"),NA(),Capability!$P$9)) | EO14: =IF(EM$1="","",ROUND(EK$1+EM$1*10.5,4)) | EP14: =IF(EM$1="","",COUNTIFS('Data Entry'!$L$5:$L$10004,">="&(EK$1+EM$1*10),'Data Entry'!$L$5:$L$10004,"<"&(EK$1+EM$1*11))) | EQ14: =IF(OR(Capability!$P$9="",EM$1=""),NA(),IF(AND(Capability!$P$9>=(EK$1+EM$1*10),Capability!$P$9<(EK$1+EM$1*11)),EO$1*1.15,NA())) | ER14: =IF(OR(Capability!$Q$9="",EM$1=""),NA(),IF(AND(Capability!$Q$9>=(EK$1+EM$1*10),Capability!$Q$9<(EK$1+EM$1*11)),EO$1*1.15,NA())) | ET14: =IF((EW$1+10)>EU$1,NA(),(EW$1+10)-4) | EU14: =IF((EW$1+10)>EU$1,NA(),INDEX('Data Entry'!$M$5:$M$10004,(EW$1+10)-4)) | EV14: =IF(ISNA(ET14),NA(),Capability!$K$10) | EW14: =IF(ISNA(ET14),NA(),Capability!$J$10) | EX14: =IF(ISNA(ET14),NA(),Capability!$L$10) | EY14: =IF(OR(ISNA(EU14),ISNA(EU13)),NA(),ABS(EU14-EU13)) | EZ14: =IF(ISNA(ET14),NA(),Capability!$N$10) | FA14: =IF(ISNA(ET14),NA(),IF(OR(Capability!$Q$10="",Settings!$F$7<>"Y"),NA(),Capability!$Q$10)) | FB14: =IF(ISNA(ET14),NA(),IF(OR(Capability!$P$10="",Settings!$F$7<>"Y"),NA(),Capability!$P$10)) | FC14: =IF(FA$1="","",ROUND(EY$1+FA$1*10.5,4)) | FD14: =IF(FA$1="","",COUNTIFS('Data Entry'!$M$5:$M$10004,">="&(EY$1+FA$1*10),'Data Entry'!$M$5:$M$10004,"<"&(EY$1+FA$1*11))) | FE14: =IF(OR(Capability!$P$10="",FA$1=""),NA(),IF(AND(Capability!$P$10>=(EY$1+FA$1*10),Capability!$P$10<(EY$1+FA$1*11)),FC$1*1.15,NA())) | FF14: =IF(OR(Capability!$Q$10="",FA$1=""),NA(),IF(AND(Capability!$Q$10>=(EY$1+FA$1*10),Capability!$Q$10<(EY$1+FA$1*11)),FC$1*1.15,NA())) | FH14: =IF((FK$1+10)>FI$1,NA(),(FK$1+10)-4) | FI14: =IF((FK$1+10)>FI$1,NA(),INDEX('Data Entry'!$N$5:$N$10004,(FK$1+10)-4)) | FJ14: =IF(ISNA(FH14),NA(),Capability!$K$11) | FK14: =IF(ISNA(FH14),NA(),Capability!$J$11) | FL14: =IF(ISNA(FH14),NA(),Capability!$L$11) | FM14: =IF(OR(ISNA(FI14),ISNA(FI13)),NA(),ABS(FI14-FI13)) | FN14: =IF(ISNA(FH14),NA(),Capability!$N$11) | FO14: =IF(ISNA(FH14),NA(),IF(OR(Capability!$Q$11="",Settings!$F$7<>"Y"),NA(),Capability!$Q$11)) | FP14: =IF(ISNA(FH14),NA(),IF(OR(Capability!$P$11="",Settings!$F$7<>"Y"),NA(),Capability!$P$11)) | FQ14: =IF(FO$1="","",ROUND(FM$1+FO$1*10.5,4)) | FR14: =IF(FO$1="","",COUNTIFS('Data Entry'!$N$5:$N$10004,">="&(FM$1+FO$1*10),'Data Entry'!$N$5:$N$10004,"<"&(FM$1+FO$1*11))) | FS14: =IF(OR(Capability!$P$11="",FO$1=""),NA(),IF(AND(Capability!$P$11>=(FM$1+FO$1*10),Capability!$P$11<(FM$1+FO$1*11)),FQ$1*1.15,NA())) | FT14: =IF(OR(Capability!$Q$11="",FO$1=""),NA(),IF(AND(Capability!$Q$11>=(FM$1+FO$1*10),Capability!$Q$11<(FM$1+FO$1*11)),FQ$1*1.15,NA())) | FV14: =IF((FY$1+10)>FW$1,NA(),(FY$1+10)-4) | FW14: =IF((FY$1+10)>FW$1,NA(),INDEX('Data Entry'!$O$5:$O$10004,(FY$1+10)-4)) | FX14: =IF(ISNA(FV14),NA(),Capability!$K$12) | FY14: =IF(ISNA(FV14),NA(),Capability!$J$12) | FZ14: =IF(ISNA(FV14),NA(),Capability!$L$12) | GA14: =IF(OR(ISNA(FW14),ISNA(FW13)),NA(),ABS(FW14-FW13)) | GB14: =IF(ISNA(FV14),NA(),Capability!$N$12) | GC14: =IF(ISNA(FV14),NA(),IF(OR(Capability!$Q$12="",Settings!$F$7<>"Y"),NA(),Capability!$Q$12)) | GD14: =IF(ISNA(FV14),NA(),IF(OR(Capability!$P$12="",Settings!$F$7<>"Y"),NA(),Capability!$P$12)) | GE14: =IF(GC$1="","",ROUND(GA$1+GC$1*10.5,4)) | GF14: =IF(GC$1="","",COUNTIFS('Data Entry'!$O$5:$O$10004,">="&(GA$1+GC$1*10),'Data Entry'!$O$5:$O$10004,"<"&(GA$1+GC$1*11))) | GG14: =IF(OR(Capability!$P$12="",GC$1=""),NA(),IF(AND(Capability!$P$12>=(GA$1+GC$1*10),Capability!$P$12<(GA$1+GC$1*11)),GE$1*1.15,NA())) | GH14: =IF(OR(Capability!$Q$12="",GC$1=""),NA(),IF(AND(Capability!$Q$12>=(GA$1+GC$1*10),Capability!$Q$12<(GA$1+GC$1*11)),GE$1*1.15,NA())) | GJ14: =IF((GM$1+10)>GK$1,NA(),(GM$1+10)-4) | GK14: =IF((GM$1+10)>GK$1,NA(),INDEX('Data Entry'!$P$5:$P$10004,(GM$1+10)-4)) | GL14: =IF(ISNA(GJ14),NA(),Capability!$K$13) | GM14: =IF(ISNA(GJ14),NA(),Capability!$J$13) | GN14: =IF(ISNA(GJ14),NA(),Capability!$L$13) | GO14: =IF(OR(ISNA(GK14),ISNA(GK13)),NA(),ABS(GK14-GK13)) | GP14: =IF(ISNA(GJ14),NA(),Capability!$N$13) | GQ14: =IF(ISNA(GJ14),NA(),IF(OR(Capability!$Q$13="",Settings!$F$7<>"Y"),NA(),Capability!$Q$13)) | GR14: =IF(ISNA(GJ14),NA(),IF(OR(Capability!$P$13="",Settings!$F$7<>"Y"),NA(),Capability!$P$13)) | GS14: =IF(GQ$1="","",ROUND(GO$1+GQ$1*10.5,4)) | GT14: =IF(GQ$1="","",COUNTIFS('Data Entry'!$P$5:$P$10004,">="&(GO$1+GQ$1*10),'Data Entry'!$P$5:$P$10004,"<"&(GO$1+GQ$1*11))) | GU14: =IF(OR(Capability!$P$13="",GQ$1=""),NA(),IF(AND(Capability!$P$13>=(GO$1+GQ$1*10),Capability!$P$13<(GO$1+GQ$1*11)),GS$1*1.15,NA())) | GV14: =IF(OR(Capability!$Q$13="",GQ$1=""),NA(),IF(AND(Capability!$Q$13>=(GO$1+GQ$1*10),Capability!$Q$13<(GO$1+GQ$1*11)),GS$1*1.15,NA())) | GX14: =IF((HA$1+10)>GY$1,NA(),(HA$1+10)-4) | GY14: =IF((HA$1+10)>GY$1,NA(),INDEX('Data Entry'!$Q$5:$Q$10004,(HA$1+10)-4)) | GZ14: =IF(ISNA(GX14),NA(),Capability!$K$14) | HA14: =IF(ISNA(GX14),NA(),Capability!$J$14) | HB14: =IF(ISNA(GX14),NA(),Capability!$L$14) | HC14: =IF(OR(ISNA(GY14),ISNA(GY13)),NA(),ABS(GY14-GY13)) | HD14: =IF(ISNA(GX14),NA(),Capability!$N$14) | HE14: =IF(ISNA(GX14),NA(),IF(OR(Capability!$Q$14="",Settings!$F$7<>"Y"),NA(),Capability!$Q$14)) | HF14: =IF(ISNA(GX14),NA(),IF(OR(Capability!$P$14="",Settings!$F$7<>"Y"),NA(),Capability!$P$14)) | HG14: =IF(HE$1="","",ROUND(HC$1+HE$1*10.5,4)) | HH14: =IF(HE$1="","",COUNTIFS('Data Entry'!$Q$5:$Q$10004,">="&(HC$1+HE$1*10),'Data Entry'!$Q$5:$Q$10004,"<"&(HC$1+HE$1*11))) | HI14: =IF(OR(Capability!$P$14="",HE$1=""),NA(),IF(AND(Capability!$P$14>=(HC$1+HE$1*10),Capability!$P$14<(HC$1+HE$1*11)),HG$1*1.15,NA())) | HJ14: =IF(OR(Capability!$Q$14="",HE$1=""),NA(),IF(AND(Capability!$Q$14>=(HC$1+HE$1*10),Capability!$Q$14<(HC$1+HE$1*11)),HG$1*1.15,NA()))
